-- MariaDB dump 10.19  Distrib 10.11.6-MariaDB, for debian-linux-gnu (x86_64)
--
-- Host: localhost    Database: api_wordcloud
-- ------------------------------------------------------
-- Server version	10.11.6-MariaDB-0+deb12u1

/*!40101 SET @OLD_CHARACTER_SET_CLIENT=@@CHARACTER_SET_CLIENT */;
/*!40101 SET @OLD_CHARACTER_SET_RESULTS=@@CHARACTER_SET_RESULTS */;
/*!40101 SET @OLD_COLLATION_CONNECTION=@@COLLATION_CONNECTION */;
/*!40101 SET NAMES utf8mb4 */;
/*!40103 SET @OLD_TIME_ZONE=@@TIME_ZONE */;
/*!40103 SET TIME_ZONE='+00:00' */;
/*!40014 SET @OLD_UNIQUE_CHECKS=@@UNIQUE_CHECKS, UNIQUE_CHECKS=0 */;
/*!40014 SET @OLD_FOREIGN_KEY_CHECKS=@@FOREIGN_KEY_CHECKS, FOREIGN_KEY_CHECKS=0 */;
/*!40101 SET @OLD_SQL_MODE=@@SQL_MODE, SQL_MODE='NO_AUTO_VALUE_ON_ZERO' */;
/*!40111 SET @OLD_SQL_NOTES=@@SQL_NOTES, SQL_NOTES=0 */;

--
-- Table structure for table `auth_group`
--

DROP TABLE IF EXISTS `auth_group`;
/*!40101 SET @saved_cs_client     = @@character_set_client */;
/*!40101 SET character_set_client = utf8 */;
CREATE TABLE `auth_group` (
  `id` int(11) NOT NULL AUTO_INCREMENT,
  `name` varchar(150) NOT NULL,
  PRIMARY KEY (`id`),
  UNIQUE KEY `name` (`name`)
) ENGINE=InnoDB DEFAULT CHARSET=utf8mb4 COLLATE=utf8mb4_general_ci;
/*!40101 SET character_set_client = @saved_cs_client */;

--
-- Dumping data for table `auth_group`
--

LOCK TABLES `auth_group` WRITE;
/*!40000 ALTER TABLE `auth_group` DISABLE KEYS */;
/*!40000 ALTER TABLE `auth_group` ENABLE KEYS */;
UNLOCK TABLES;

--
-- Table structure for table `auth_group_permissions`
--

DROP TABLE IF EXISTS `auth_group_permissions`;
/*!40101 SET @saved_cs_client     = @@character_set_client */;
/*!40101 SET character_set_client = utf8 */;
CREATE TABLE `auth_group_permissions` (
  `id` bigint(20) NOT NULL AUTO_INCREMENT,
  `group_id` int(11) NOT NULL,
  `permission_id` int(11) NOT NULL,
  PRIMARY KEY (`id`),
  UNIQUE KEY `auth_group_permissions_group_id_permission_id_0cd325b0_uniq` (`group_id`,`permission_id`),
  KEY `auth_group_permissio_permission_id_84c5c92e_fk_auth_perm` (`permission_id`),
  CONSTRAINT `auth_group_permissio_permission_id_84c5c92e_fk_auth_perm` FOREIGN KEY (`permission_id`) REFERENCES `auth_permission` (`id`),
  CONSTRAINT `auth_group_permissions_group_id_b120cbf9_fk_auth_group_id` FOREIGN KEY (`group_id`) REFERENCES `auth_group` (`id`)
) ENGINE=InnoDB DEFAULT CHARSET=utf8mb4 COLLATE=utf8mb4_general_ci;
/*!40101 SET character_set_client = @saved_cs_client */;

--
-- Dumping data for table `auth_group_permissions`
--

LOCK TABLES `auth_group_permissions` WRITE;
/*!40000 ALTER TABLE `auth_group_permissions` DISABLE KEYS */;
/*!40000 ALTER TABLE `auth_group_permissions` ENABLE KEYS */;
UNLOCK TABLES;

--
-- Table structure for table `auth_permission`
--

DROP TABLE IF EXISTS `auth_permission`;
/*!40101 SET @saved_cs_client     = @@character_set_client */;
/*!40101 SET character_set_client = utf8 */;
CREATE TABLE `auth_permission` (
  `id` int(11) NOT NULL AUTO_INCREMENT,
  `name` varchar(255) NOT NULL,
  `content_type_id` int(11) NOT NULL,
  `codename` varchar(100) NOT NULL,
  PRIMARY KEY (`id`),
  UNIQUE KEY `auth_permission_content_type_id_codename_01ab375a_uniq` (`content_type_id`,`codename`),
  CONSTRAINT `auth_permission_content_type_id_2f476e4b_fk_django_co` FOREIGN KEY (`content_type_id`) REFERENCES `django_content_type` (`id`)
) ENGINE=InnoDB AUTO_INCREMENT=33 DEFAULT CHARSET=utf8mb4 COLLATE=utf8mb4_general_ci;
/*!40101 SET character_set_client = @saved_cs_client */;

--
-- Dumping data for table `auth_permission`
--

LOCK TABLES `auth_permission` WRITE;
/*!40000 ALTER TABLE `auth_permission` DISABLE KEYS */;
INSERT INTO `auth_permission` VALUES
(1,'Can add log entry',1,'add_logentry'),
(2,'Can change log entry',1,'change_logentry'),
(3,'Can delete log entry',1,'delete_logentry'),
(4,'Can view log entry',1,'view_logentry'),
(5,'Can add permission',2,'add_permission'),
(6,'Can change permission',2,'change_permission'),
(7,'Can delete permission',2,'delete_permission'),
(8,'Can view permission',2,'view_permission'),
(9,'Can add group',3,'add_group'),
(10,'Can change group',3,'change_group'),
(11,'Can delete group',3,'delete_group'),
(12,'Can view group',3,'view_group'),
(13,'Can add user',4,'add_user'),
(14,'Can change user',4,'change_user'),
(15,'Can delete user',4,'delete_user'),
(16,'Can view user',4,'view_user'),
(17,'Can add content type',5,'add_contenttype'),
(18,'Can change content type',5,'change_contenttype'),
(19,'Can delete content type',5,'delete_contenttype'),
(20,'Can view content type',5,'view_contenttype'),
(21,'Can add session',6,'add_session'),
(22,'Can change session',6,'change_session'),
(23,'Can delete session',6,'delete_session'),
(24,'Can view session',6,'view_session'),
(25,'Can add blacklisted token',7,'add_blacklistedtoken'),
(26,'Can change blacklisted token',7,'change_blacklistedtoken'),
(27,'Can delete blacklisted token',7,'delete_blacklistedtoken'),
(28,'Can view blacklisted token',7,'view_blacklistedtoken'),
(29,'Can add outstanding token',8,'add_outstandingtoken'),
(30,'Can change outstanding token',8,'change_outstandingtoken'),
(31,'Can delete outstanding token',8,'delete_outstandingtoken'),
(32,'Can view outstanding token',8,'view_outstandingtoken');
/*!40000 ALTER TABLE `auth_permission` ENABLE KEYS */;
UNLOCK TABLES;

--
-- Table structure for table `auth_user`
--

DROP TABLE IF EXISTS `auth_user`;
/*!40101 SET @saved_cs_client     = @@character_set_client */;
/*!40101 SET character_set_client = utf8 */;
CREATE TABLE `auth_user` (
  `id` int(11) NOT NULL AUTO_INCREMENT,
  `password` varchar(128) NOT NULL,
  `last_login` datetime(6) DEFAULT NULL,
  `is_superuser` tinyint(1) NOT NULL,
  `username` varchar(150) NOT NULL,
  `first_name` varchar(150) NOT NULL,
  `last_name` varchar(150) NOT NULL,
  `email` varchar(254) NOT NULL,
  `is_staff` tinyint(1) NOT NULL,
  `is_active` tinyint(1) NOT NULL,
  `date_joined` datetime(6) NOT NULL,
  PRIMARY KEY (`id`),
  UNIQUE KEY `username` (`username`)
) ENGINE=InnoDB AUTO_INCREMENT=2 DEFAULT CHARSET=utf8mb4 COLLATE=utf8mb4_general_ci;
/*!40101 SET character_set_client = @saved_cs_client */;

--
-- Dumping data for table `auth_user`
--

LOCK TABLES `auth_user` WRITE;
/*!40000 ALTER TABLE `auth_user` DISABLE KEYS */;
INSERT INTO `auth_user` VALUES
(1,'pbkdf2_sha256$720000$ynjg16DiDBAhZxENUr48ZB$kTOec3D7WIgX6zhy27BdbvQf4WXjsyosZ8v7vqS9xWg=',NULL,1,'belloni','','','mbelloni@alumni.usp.br',1,1,'2024-06-29 02:56:35.096880');
/*!40000 ALTER TABLE `auth_user` ENABLE KEYS */;
UNLOCK TABLES;

--
-- Table structure for table `auth_user_groups`
--

DROP TABLE IF EXISTS `auth_user_groups`;
/*!40101 SET @saved_cs_client     = @@character_set_client */;
/*!40101 SET character_set_client = utf8 */;
CREATE TABLE `auth_user_groups` (
  `id` bigint(20) NOT NULL AUTO_INCREMENT,
  `user_id` int(11) NOT NULL,
  `group_id` int(11) NOT NULL,
  PRIMARY KEY (`id`),
  UNIQUE KEY `auth_user_groups_user_id_group_id_94350c0c_uniq` (`user_id`,`group_id`),
  KEY `auth_user_groups_group_id_97559544_fk_auth_group_id` (`group_id`),
  CONSTRAINT `auth_user_groups_group_id_97559544_fk_auth_group_id` FOREIGN KEY (`group_id`) REFERENCES `auth_group` (`id`),
  CONSTRAINT `auth_user_groups_user_id_6a12ed8b_fk_auth_user_id` FOREIGN KEY (`user_id`) REFERENCES `auth_user` (`id`)
) ENGINE=InnoDB DEFAULT CHARSET=utf8mb4 COLLATE=utf8mb4_general_ci;
/*!40101 SET character_set_client = @saved_cs_client */;

--
-- Dumping data for table `auth_user_groups`
--

LOCK TABLES `auth_user_groups` WRITE;
/*!40000 ALTER TABLE `auth_user_groups` DISABLE KEYS */;
/*!40000 ALTER TABLE `auth_user_groups` ENABLE KEYS */;
UNLOCK TABLES;

--
-- Table structure for table `auth_user_user_permissions`
--

DROP TABLE IF EXISTS `auth_user_user_permissions`;
/*!40101 SET @saved_cs_client     = @@character_set_client */;
/*!40101 SET character_set_client = utf8 */;
CREATE TABLE `auth_user_user_permissions` (
  `id` bigint(20) NOT NULL AUTO_INCREMENT,
  `user_id` int(11) NOT NULL,
  `permission_id` int(11) NOT NULL,
  PRIMARY KEY (`id`),
  UNIQUE KEY `auth_user_user_permissions_user_id_permission_id_14a6b632_uniq` (`user_id`,`permission_id`),
  KEY `auth_user_user_permi_permission_id_1fbb5f2c_fk_auth_perm` (`permission_id`),
  CONSTRAINT `auth_user_user_permi_permission_id_1fbb5f2c_fk_auth_perm` FOREIGN KEY (`permission_id`) REFERENCES `auth_permission` (`id`),
  CONSTRAINT `auth_user_user_permissions_user_id_a95ead1b_fk_auth_user_id` FOREIGN KEY (`user_id`) REFERENCES `auth_user` (`id`)
) ENGINE=InnoDB DEFAULT CHARSET=utf8mb4 COLLATE=utf8mb4_general_ci;
/*!40101 SET character_set_client = @saved_cs_client */;

--
-- Dumping data for table `auth_user_user_permissions`
--

LOCK TABLES `auth_user_user_permissions` WRITE;
/*!40000 ALTER TABLE `auth_user_user_permissions` DISABLE KEYS */;
/*!40000 ALTER TABLE `auth_user_user_permissions` ENABLE KEYS */;
UNLOCK TABLES;

--
-- Table structure for table `django_admin_log`
--

DROP TABLE IF EXISTS `django_admin_log`;
/*!40101 SET @saved_cs_client     = @@character_set_client */;
/*!40101 SET character_set_client = utf8 */;
CREATE TABLE `django_admin_log` (
  `id` int(11) NOT NULL AUTO_INCREMENT,
  `action_time` datetime(6) NOT NULL,
  `object_id` longtext DEFAULT NULL,
  `object_repr` varchar(200) NOT NULL,
  `action_flag` smallint(5) unsigned NOT NULL CHECK (`action_flag` >= 0),
  `change_message` longtext NOT NULL,
  `content_type_id` int(11) DEFAULT NULL,
  `user_id` int(11) NOT NULL,
  PRIMARY KEY (`id`),
  KEY `django_admin_log_content_type_id_c4bce8eb_fk_django_co` (`content_type_id`),
  KEY `django_admin_log_user_id_c564eba6_fk_auth_user_id` (`user_id`),
  CONSTRAINT `django_admin_log_content_type_id_c4bce8eb_fk_django_co` FOREIGN KEY (`content_type_id`) REFERENCES `django_content_type` (`id`),
  CONSTRAINT `django_admin_log_user_id_c564eba6_fk_auth_user_id` FOREIGN KEY (`user_id`) REFERENCES `auth_user` (`id`)
) ENGINE=InnoDB DEFAULT CHARSET=utf8mb4 COLLATE=utf8mb4_general_ci;
/*!40101 SET character_set_client = @saved_cs_client */;

--
-- Dumping data for table `django_admin_log`
--

LOCK TABLES `django_admin_log` WRITE;
/*!40000 ALTER TABLE `django_admin_log` DISABLE KEYS */;
/*!40000 ALTER TABLE `django_admin_log` ENABLE KEYS */;
UNLOCK TABLES;

--
-- Table structure for table `django_content_type`
--

DROP TABLE IF EXISTS `django_content_type`;
/*!40101 SET @saved_cs_client     = @@character_set_client */;
/*!40101 SET character_set_client = utf8 */;
CREATE TABLE `django_content_type` (
  `id` int(11) NOT NULL AUTO_INCREMENT,
  `app_label` varchar(100) NOT NULL,
  `model` varchar(100) NOT NULL,
  PRIMARY KEY (`id`),
  UNIQUE KEY `django_content_type_app_label_model_76bd3d3b_uniq` (`app_label`,`model`)
) ENGINE=InnoDB AUTO_INCREMENT=9 DEFAULT CHARSET=utf8mb4 COLLATE=utf8mb4_general_ci;
/*!40101 SET character_set_client = @saved_cs_client */;

--
-- Dumping data for table `django_content_type`
--

LOCK TABLES `django_content_type` WRITE;
/*!40000 ALTER TABLE `django_content_type` DISABLE KEYS */;
INSERT INTO `django_content_type` VALUES
(1,'admin','logentry'),
(3,'auth','group'),
(2,'auth','permission'),
(4,'auth','user'),
(5,'contenttypes','contenttype'),
(6,'sessions','session'),
(7,'token_blacklist','blacklistedtoken'),
(8,'token_blacklist','outstandingtoken');
/*!40000 ALTER TABLE `django_content_type` ENABLE KEYS */;
UNLOCK TABLES;

--
-- Table structure for table `django_migrations`
--

DROP TABLE IF EXISTS `django_migrations`;
/*!40101 SET @saved_cs_client     = @@character_set_client */;
/*!40101 SET character_set_client = utf8 */;
CREATE TABLE `django_migrations` (
  `id` bigint(20) NOT NULL AUTO_INCREMENT,
  `app` varchar(255) NOT NULL,
  `name` varchar(255) NOT NULL,
  `applied` datetime(6) NOT NULL,
  PRIMARY KEY (`id`)
) ENGINE=InnoDB AUTO_INCREMENT=30 DEFAULT CHARSET=utf8mb4 COLLATE=utf8mb4_general_ci;
/*!40101 SET character_set_client = @saved_cs_client */;

--
-- Dumping data for table `django_migrations`
--

LOCK TABLES `django_migrations` WRITE;
/*!40000 ALTER TABLE `django_migrations` DISABLE KEYS */;
INSERT INTO `django_migrations` VALUES
(1,'contenttypes','0001_initial','2024-06-29 02:55:55.898725'),
(2,'auth','0001_initial','2024-06-29 02:56:00.598065'),
(3,'admin','0001_initial','2024-06-29 02:56:01.539614'),
(4,'admin','0002_logentry_remove_auto_add','2024-06-29 02:56:01.555138'),
(5,'admin','0003_logentry_add_action_flag_choices','2024-06-29 02:56:01.602843'),
(6,'contenttypes','0002_remove_content_type_name','2024-06-29 02:56:02.089689'),
(7,'auth','0002_alter_permission_name_max_length','2024-06-29 02:56:02.289620'),
(8,'auth','0003_alter_user_email_max_length','2024-06-29 02:56:02.697982'),
(9,'auth','0004_alter_user_username_opts','2024-06-29 02:56:02.711661'),
(10,'auth','0005_alter_user_last_login_null','2024-06-29 02:56:03.110406'),
(11,'auth','0006_require_contenttypes_0002','2024-06-29 02:56:03.119618'),
(12,'auth','0007_alter_validators_add_error_messages','2024-06-29 02:56:03.134021'),
(13,'auth','0008_alter_user_username_max_length','2024-06-29 02:56:03.385224'),
(14,'auth','0009_alter_user_last_name_max_length','2024-06-29 02:56:03.518679'),
(15,'auth','0010_alter_group_name_max_length','2024-06-29 02:56:03.651913'),
(16,'auth','0011_update_proxy_permissions','2024-06-29 02:56:03.666762'),
(17,'auth','0012_alter_user_first_name_max_length','2024-06-29 02:56:03.826932'),
(18,'sessions','0001_initial','2024-06-29 02:56:04.306294'),
(19,'token_blacklist','0001_initial','2024-06-29 02:56:05.260244'),
(20,'token_blacklist','0002_outstandingtoken_jti_hex','2024-06-29 02:56:05.643654'),
(21,'token_blacklist','0003_auto_20171017_2007','2024-06-29 02:56:05.665252'),
(22,'token_blacklist','0004_auto_20171017_2013','2024-06-29 02:56:06.568800'),
(23,'token_blacklist','0005_remove_outstandingtoken_jti','2024-06-29 02:56:06.718841'),
(24,'token_blacklist','0006_auto_20171017_2113','2024-06-29 02:56:06.893605'),
(25,'token_blacklist','0007_auto_20171017_2214','2024-06-29 02:56:08.164620'),
(26,'token_blacklist','0008_migrate_to_bigautofield','2024-06-29 02:56:09.539812'),
(27,'token_blacklist','0010_fix_migrate_to_bigautofield','2024-06-29 02:56:09.626027'),
(28,'token_blacklist','0011_linearizes_history','2024-06-29 02:56:09.642308'),
(29,'token_blacklist','0012_alter_outstandingtoken_user','2024-06-29 02:56:09.689149');
/*!40000 ALTER TABLE `django_migrations` ENABLE KEYS */;
UNLOCK TABLES;

--
-- Table structure for table `django_session`
--

DROP TABLE IF EXISTS `django_session`;
/*!40101 SET @saved_cs_client     = @@character_set_client */;
/*!40101 SET character_set_client = utf8 */;
CREATE TABLE `django_session` (
  `session_key` varchar(40) NOT NULL,
  `session_data` longtext NOT NULL,
  `expire_date` datetime(6) NOT NULL,
  PRIMARY KEY (`session_key`),
  KEY `django_session_expire_date_a5c62663` (`expire_date`)
) ENGINE=InnoDB DEFAULT CHARSET=utf8mb4 COLLATE=utf8mb4_general_ci;
/*!40101 SET character_set_client = @saved_cs_client */;

--
-- Dumping data for table `django_session`
--

LOCK TABLES `django_session` WRITE;
/*!40000 ALTER TABLE `django_session` DISABLE KEYS */;
/*!40000 ALTER TABLE `django_session` ENABLE KEYS */;
UNLOCK TABLES;

--
-- Table structure for table `token_blacklist_blacklistedtoken`
--

DROP TABLE IF EXISTS `token_blacklist_blacklistedtoken`;
/*!40101 SET @saved_cs_client     = @@character_set_client */;
/*!40101 SET character_set_client = utf8 */;
CREATE TABLE `token_blacklist_blacklistedtoken` (
  `id` bigint(20) NOT NULL AUTO_INCREMENT,
  `blacklisted_at` datetime(6) NOT NULL,
  `token_id` bigint(20) NOT NULL,
  PRIMARY KEY (`id`),
  UNIQUE KEY `token_id` (`token_id`),
  CONSTRAINT `token_blacklist_blacklistedtoken_token_id_3cc7fe56_fk` FOREIGN KEY (`token_id`) REFERENCES `token_blacklist_outstandingtoken` (`id`)
) ENGINE=InnoDB DEFAULT CHARSET=utf8mb4 COLLATE=utf8mb4_general_ci;
/*!40101 SET character_set_client = @saved_cs_client */;

--
-- Dumping data for table `token_blacklist_blacklistedtoken`
--

LOCK TABLES `token_blacklist_blacklistedtoken` WRITE;
/*!40000 ALTER TABLE `token_blacklist_blacklistedtoken` DISABLE KEYS */;
/*!40000 ALTER TABLE `token_blacklist_blacklistedtoken` ENABLE KEYS */;
UNLOCK TABLES;

--
-- Table structure for table `token_blacklist_outstandingtoken`
--

DROP TABLE IF EXISTS `token_blacklist_outstandingtoken`;
/*!40101 SET @saved_cs_client     = @@character_set_client */;
/*!40101 SET character_set_client = utf8 */;
CREATE TABLE `token_blacklist_outstandingtoken` (
  `id` bigint(20) NOT NULL AUTO_INCREMENT,
  `token` longtext NOT NULL,
  `created_at` datetime(6) DEFAULT NULL,
  `expires_at` datetime(6) NOT NULL,
  `user_id` int(11) DEFAULT NULL,
  `jti` varchar(255) NOT NULL,
  PRIMARY KEY (`id`),
  UNIQUE KEY `token_blacklist_outstandingtoken_jti_hex_d9bdf6f7_uniq` (`jti`),
  KEY `token_blacklist_outs_user_id_83bc629a_fk_auth_user` (`user_id`),
  CONSTRAINT `token_blacklist_outs_user_id_83bc629a_fk_auth_user` FOREIGN KEY (`user_id`) REFERENCES `auth_user` (`id`)
) ENGINE=InnoDB AUTO_INCREMENT=378 DEFAULT CHARSET=utf8mb4 COLLATE=utf8mb4_general_ci;
/*!40101 SET character_set_client = @saved_cs_client */;

--
-- Dumping data for table `token_blacklist_outstandingtoken`
--

LOCK TABLES `token_blacklist_outstandingtoken` WRITE;
/*!40000 ALTER TABLE `token_blacklist_outstandingtoken` DISABLE KEYS */;
INSERT INTO `token_blacklist_outstandingtoken` VALUES
(1,'eyJhbGciOiJIUzI1NiIsInR5cCI6IkpXVCJ9.eyJ0b2tlbl90eXBlIjoicmVmcmVzaCIsImV4cCI6MTcxOTcyMTI5NiwiaWF0IjoxNzE5NjM0ODk2LCJqdGkiOiJiY2FmMWI1MzY5ZTg0Zjg2YThiMzdkOTA4YmE5NTkwNyIsInVzZXJfaWQiOjF9.bdpCMAz8-9zQwFdGXaR2KghtSOaSKWGbJkrL1bNf_l4','2024-06-29 04:21:36.273362','2024-06-30 04:21:36.000000',1,'bcaf1b5369e84f86a8b37d908ba95907'),
(2,'eyJhbGciOiJIUzI1NiIsInR5cCI6IkpXVCJ9.eyJ0b2tlbl90eXBlIjoicmVmcmVzaCIsImV4cCI6MTcxOTcyNDQ2NiwiaWF0IjoxNzE5NjM4MDY2LCJqdGkiOiJhOTk3ZGM1ZGIwMjU0ODIxYTYyYjNhMDRhZjk5NDdhMSIsInVzZXJfaWQiOjF9.tD_zrcXmeZuDPl6SZiNhmmio4dTDfGu_n_XF4RZ-zrE','2024-06-29 05:14:26.420735','2024-06-30 05:14:26.000000',1,'a997dc5db0254821a62b3a04af9947a1'),
(3,'eyJhbGciOiJIUzI1NiIsInR5cCI6IkpXVCJ9.eyJ0b2tlbl90eXBlIjoicmVmcmVzaCIsImV4cCI6MTcxOTcyNDgwNiwiaWF0IjoxNzE5NjM4NDA2LCJqdGkiOiIyMzIzYjZiMjMwM2M0ZDVjOWYxMjMzYzAxMWNmZGUxNiIsInVzZXJfaWQiOjF9.YPySmmpjfb2_Ne9PyZm_LYUOtPkcm1fEivy5SE0-KE8','2024-06-29 05:20:06.572529','2024-06-30 05:20:06.000000',1,'2323b6b2303c4d5c9f1233c011cfde16'),
(4,'eyJhbGciOiJIUzI1NiIsInR5cCI6IkpXVCJ9.eyJ0b2tlbl90eXBlIjoicmVmcmVzaCIsImV4cCI6MTcxOTcyNDgxNCwiaWF0IjoxNzE5NjM4NDE0LCJqdGkiOiIzZGExZmM5NWRjODU0YTE2OTY4YmE2YWQyNjE1YjNiNCIsInVzZXJfaWQiOjF9.JVuKkLZrQs3bpEzXSlDTVJP3tfT2jBbSZmznfTZhBws','2024-06-29 05:20:14.620861','2024-06-30 05:20:14.000000',1,'3da1fc95dc854a16968ba6ad2615b3b4'),
(5,'eyJhbGciOiJIUzI1NiIsInR5cCI6IkpXVCJ9.eyJ0b2tlbl90eXBlIjoicmVmcmVzaCIsImV4cCI6MTcxOTcyNTE2NywiaWF0IjoxNzE5NjM4NzY3LCJqdGkiOiIwZWU2NzQzY2Q0ZGU0MjMwOTJjMmNjNDFmZGI2ZGUxMSIsInVzZXJfaWQiOjF9.k6I2RHWtRSfG5zZqPIBkBfCTGmFHvaJ_8W2jnjukvVk','2024-06-29 05:26:07.012258','2024-06-30 05:26:07.000000',1,'0ee6743cd4de423092c2cc41fdb6de11'),
(6,'eyJhbGciOiJIUzI1NiIsInR5cCI6IkpXVCJ9.eyJ0b2tlbl90eXBlIjoicmVmcmVzaCIsImV4cCI6MTcxOTcyNTE2OSwiaWF0IjoxNzE5NjM4NzY5LCJqdGkiOiI0OTczZmUzNTFhOTM0ZjJjOGZmMTE5MDg3OGYyMzJjOCIsInVzZXJfaWQiOjF9.CDJyDbp5KhdQ5JKPnrGNmUt4EWFtmbZbo_oP068rNwI','2024-06-29 05:26:09.232272','2024-06-30 05:26:09.000000',1,'4973fe351a934f2c8ff1190878f232c8'),
(7,'eyJhbGciOiJIUzI1NiIsInR5cCI6IkpXVCJ9.eyJ0b2tlbl90eXBlIjoicmVmcmVzaCIsImV4cCI6MTcxOTcyNTE3MywiaWF0IjoxNzE5NjM4NzczLCJqdGkiOiI2NTkyMTQ3YWRjOTk0ZDNmOTFjMWIxN2NhYTg5NzE5MCIsInVzZXJfaWQiOjF9.Y8nKwdwg2UkNGXom1-843Mv0D3Lqxq7R8au3mNiDqpI','2024-06-29 05:26:13.193850','2024-06-30 05:26:13.000000',1,'6592147adc994d3f91c1b17caa897190'),
(8,'eyJhbGciOiJIUzI1NiIsInR5cCI6IkpXVCJ9.eyJ0b2tlbl90eXBlIjoicmVmcmVzaCIsImV4cCI6MTcxOTcyNTE3NywiaWF0IjoxNzE5NjM4Nzc3LCJqdGkiOiI1NzZlMTE1NTM5ZmY0MWY3OGE1ZjMwOThlZjYyOTQ0MCIsInVzZXJfaWQiOjF9.ZPhlNGIJkPCpNH9ZG0-qp_uM1UyxYVX7IUvXJoXDDLo','2024-06-29 05:26:17.929204','2024-06-30 05:26:17.000000',1,'576e115539ff41f78a5f3098ef629440'),
(9,'eyJhbGciOiJIUzI1NiIsInR5cCI6IkpXVCJ9.eyJ0b2tlbl90eXBlIjoicmVmcmVzaCIsImV4cCI6MTcxOTcyNTE4NiwiaWF0IjoxNzE5NjM4Nzg2LCJqdGkiOiJjZWM3MWM3ZjllN2Y0OTM3YTExNTJkZTRhYjE4Njc5ZCIsInVzZXJfaWQiOjF9.LTAYDAY8BMBCCdmLmnR2HbVIw5YIttzHrCL5TlGQuX0','2024-06-29 05:26:26.349003','2024-06-30 05:26:26.000000',1,'cec71c7f9e7f4937a1152de4ab18679d'),
(10,'eyJhbGciOiJIUzI1NiIsInR5cCI6IkpXVCJ9.eyJ0b2tlbl90eXBlIjoicmVmcmVzaCIsImV4cCI6MTcxOTcyNTE5MCwiaWF0IjoxNzE5NjM4NzkwLCJqdGkiOiIwYjcwZWYwMjIwYmY0MGNhYTYwM2Y4NDYxMWI5NDE4NyIsInVzZXJfaWQiOjF9.VkBd57kQGO7dWWK8zEIalMZ43oc3e8yMWnMGLMhh1aI','2024-06-29 05:26:30.650689','2024-06-30 05:26:30.000000',1,'0b70ef0220bf40caa603f84611b94187'),
(11,'eyJhbGciOiJIUzI1NiIsInR5cCI6IkpXVCJ9.eyJ0b2tlbl90eXBlIjoicmVmcmVzaCIsImV4cCI6MTcxOTcyNTIwMiwiaWF0IjoxNzE5NjM4ODAyLCJqdGkiOiI3ZGE1MjMxYTk1ZDY0OWViODNhMGVmYTkwOThkY2E2ZCIsInVzZXJfaWQiOjF9.Z1MNtQodUaLOSJINlYESYglPUo71v-i5zN4QTXm11g8','2024-06-29 05:26:42.948433','2024-06-30 05:26:42.000000',1,'7da5231a95d649eb83a0efa9098dca6d'),
(12,'eyJhbGciOiJIUzI1NiIsInR5cCI6IkpXVCJ9.eyJ0b2tlbl90eXBlIjoicmVmcmVzaCIsImV4cCI6MTcxOTcyNTIxMiwiaWF0IjoxNzE5NjM4ODEyLCJqdGkiOiJiZGRlMGY1Y2U3YTI0YWRhODc2MDAwMGEzMWU5N2UwOCIsInVzZXJfaWQiOjF9.ZJNhqKSQErR3R-E46G6JZu1_EeLNFtRmfZ-LPk5FJbQ','2024-06-29 05:26:52.643823','2024-06-30 05:26:52.000000',1,'bdde0f5ce7a24ada8760000a31e97e08'),
(13,'eyJhbGciOiJIUzI1NiIsInR5cCI6IkpXVCJ9.eyJ0b2tlbl90eXBlIjoicmVmcmVzaCIsImV4cCI6MTcxOTcyNTI4NiwiaWF0IjoxNzE5NjM4ODg2LCJqdGkiOiI1ODRkZDkyMmQwMjM0ZTY1ODY0OGNiZWFmYzUwNTNlZCIsInVzZXJfaWQiOjF9.eVYqkup1yLLnUUQ0PeANFVRlcy03s6g2O7OoverP5Ns','2024-06-29 05:28:06.530436','2024-06-30 05:28:06.000000',1,'584dd922d0234e658648cbeafc5053ed'),
(14,'eyJhbGciOiJIUzI1NiIsInR5cCI6IkpXVCJ9.eyJ0b2tlbl90eXBlIjoicmVmcmVzaCIsImV4cCI6MTcxOTcyNTM4NCwiaWF0IjoxNzE5NjM4OTg0LCJqdGkiOiIyODZiZGIxOWM4ZTA0NWFkODMzZTMyOTM0ZTQ4NDdmOSIsInVzZXJfaWQiOjF9.D7EzwQErWbXEGuGAS29nccXDm3Qh1b7X82Ax7CbMhko','2024-06-29 05:29:44.451631','2024-06-30 05:29:44.000000',1,'286bdb19c8e045ad833e32934e4847f9'),
(15,'eyJhbGciOiJIUzI1NiIsInR5cCI6IkpXVCJ9.eyJ0b2tlbl90eXBlIjoicmVmcmVzaCIsImV4cCI6MTcxOTcyNTQwOSwiaWF0IjoxNzE5NjM5MDA5LCJqdGkiOiJmNDA4ZmZiYWYyZGE0ZjljYTcyZGU5ODg3MzVhYWMwMiIsInVzZXJfaWQiOjF9.Uo9S3KGawAA27v4KKvrqWJ79YQ0G3uXefHAXEZ7Yrfk','2024-06-29 05:30:09.328524','2024-06-30 05:30:09.000000',1,'f408ffbaf2da4f9ca72de988735aac02'),
(16,'eyJhbGciOiJIUzI1NiIsInR5cCI6IkpXVCJ9.eyJ0b2tlbl90eXBlIjoicmVmcmVzaCIsImV4cCI6MTcxOTcyNTQxMiwiaWF0IjoxNzE5NjM5MDEyLCJqdGkiOiI2YTMzZjgzNzJhNDM0YzZiOWNhNmVkYWIxZTY2Nzk4MCIsInVzZXJfaWQiOjF9.68ow9QgScfaT0hMRF2QEGDZk0i8-13WBoOycrXvLzBA','2024-06-29 05:30:12.306256','2024-06-30 05:30:12.000000',1,'6a33f8372a434c6b9ca6edab1e667980'),
(17,'eyJhbGciOiJIUzI1NiIsInR5cCI6IkpXVCJ9.eyJ0b2tlbl90eXBlIjoicmVmcmVzaCIsImV4cCI6MTcxOTcyNTQxOCwiaWF0IjoxNzE5NjM5MDE4LCJqdGkiOiJhYjg5ODZlYzZhNWQ0MzA4YWUyYTkwZWQ4ZDJkOThmNyIsInVzZXJfaWQiOjF9.fHI_IsVwmMzBICCL1Vc5Lb07mmQFuHOddg1JrNdWJz0','2024-06-29 05:30:18.417442','2024-06-30 05:30:18.000000',1,'ab8986ec6a5d4308ae2a90ed8d2d98f7'),
(18,'eyJhbGciOiJIUzI1NiIsInR5cCI6IkpXVCJ9.eyJ0b2tlbl90eXBlIjoicmVmcmVzaCIsImV4cCI6MTcxOTcyNTQzNiwiaWF0IjoxNzE5NjM5MDM2LCJqdGkiOiJjMDhjZTU5ZmY2MWY0YTI5OGJjNDAxZjMwNzBlYTRlZiIsInVzZXJfaWQiOjF9.UIPIqkkNk_MY8FblOKVEpTGm8dnEEehxUhoN_nG6tCE','2024-06-29 05:30:36.959076','2024-06-30 05:30:36.000000',1,'c08ce59ff61f4a298bc401f3070ea4ef'),
(19,'eyJhbGciOiJIUzI1NiIsInR5cCI6IkpXVCJ9.eyJ0b2tlbl90eXBlIjoicmVmcmVzaCIsImV4cCI6MTcxOTcyNTQ0MiwiaWF0IjoxNzE5NjM5MDQyLCJqdGkiOiJjNjAxMTgzMDY1Mzc0Y2M2OTk1NmY0MTIyMzM2OGZjMSIsInVzZXJfaWQiOjF9.Ep17kp3hDuYMmkYDBxJFc1IxJn1ODJysYRHdf2IiSpA','2024-06-29 05:30:42.374352','2024-06-30 05:30:42.000000',1,'c601183065374cc69956f41223368fc1'),
(20,'eyJhbGciOiJIUzI1NiIsInR5cCI6IkpXVCJ9.eyJ0b2tlbl90eXBlIjoicmVmcmVzaCIsImV4cCI6MTcxOTcyNTk1MCwiaWF0IjoxNzE5NjM5NTUwLCJqdGkiOiIxYTllNmRlOGMyNmE0Nzg4YjQ0ZjdiN2I1YmI5MjQ2NSIsInVzZXJfaWQiOjF9.w9uRzPuEhWxerGP1sGhSfBG1yoQu58Ocb8Ep1Hla8cE','2024-06-29 05:39:10.873383','2024-06-30 05:39:10.000000',1,'1a9e6de8c26a4788b44f7b7b5bb92465'),
(21,'eyJhbGciOiJIUzI1NiIsInR5cCI6IkpXVCJ9.eyJ0b2tlbl90eXBlIjoicmVmcmVzaCIsImV4cCI6MTcxOTcyNjA1MCwiaWF0IjoxNzE5NjM5NjUwLCJqdGkiOiI3NjVjNDdmNWYyNjk0MTNiOGY5YjkyYzQ3NjVkYWU5NCIsInVzZXJfaWQiOjF9.qN8JK0kE6Ae_N_HcOfB0GGbdLR4UDd0eympp7ljuKDw','2024-06-29 05:40:50.200195','2024-06-30 05:40:50.000000',1,'765c47f5f269413b8f9b92c4765dae94'),
(22,'eyJhbGciOiJIUzI1NiIsInR5cCI6IkpXVCJ9.eyJ0b2tlbl90eXBlIjoicmVmcmVzaCIsImV4cCI6MTcxOTcyNjA1MiwiaWF0IjoxNzE5NjM5NjUyLCJqdGkiOiJkNzQwNzBhOGJiNWI0ZGMzYWVhYjBhNjdlMTQ2ZjRlMyIsInVzZXJfaWQiOjF9.iGAZVRs2Ic37b195c-Johxnif4LWjnaRqabek4cgbXc','2024-06-29 05:40:52.192767','2024-06-30 05:40:52.000000',1,'d74070a8bb5b4dc3aeab0a67e146f4e3'),
(23,'eyJhbGciOiJIUzI1NiIsInR5cCI6IkpXVCJ9.eyJ0b2tlbl90eXBlIjoicmVmcmVzaCIsImV4cCI6MTcxOTcyNjA1NCwiaWF0IjoxNzE5NjM5NjU0LCJqdGkiOiIwMmE1ZjY0NzhjYWI0MjlhOTM0NjNkMjc3NGI2MDBiZCIsInVzZXJfaWQiOjF9.1AIEwshVu5R4MqqMMnbSHanBbHH-EWpqNCpWtHNMZRc','2024-06-29 05:40:54.758163','2024-06-30 05:40:54.000000',1,'02a5f6478cab429a93463d2774b600bd'),
(24,'eyJhbGciOiJIUzI1NiIsInR5cCI6IkpXVCJ9.eyJ0b2tlbl90eXBlIjoicmVmcmVzaCIsImV4cCI6MTcxOTcyNjA3NCwiaWF0IjoxNzE5NjM5Njc0LCJqdGkiOiJiMTE1YzBlOTEyYzE0OGZhODdmYjYwNzk5ZTgyMWNlOCIsInVzZXJfaWQiOjF9.P30vzMoisQcZffnwTpF6pzGLhyK9Yusf2bAX8Sy2aXM','2024-06-29 05:41:14.502713','2024-06-30 05:41:14.000000',1,'b115c0e912c148fa87fb60799e821ce8'),
(25,'eyJhbGciOiJIUzI1NiIsInR5cCI6IkpXVCJ9.eyJ0b2tlbl90eXBlIjoicmVmcmVzaCIsImV4cCI6MTcxOTcyNjA3NiwiaWF0IjoxNzE5NjM5Njc2LCJqdGkiOiIwM2Q5NDllYjNiMjU0ODFiYWY0MmM2NmMzMDdhZTk5OCIsInVzZXJfaWQiOjF9.UA9B0Q_9ABKLkDem9wcTQErWUl77_JXdVnpNrS7btgk','2024-06-29 05:41:16.316575','2024-06-30 05:41:16.000000',1,'03d949eb3b25481baf42c66c307ae998'),
(26,'eyJhbGciOiJIUzI1NiIsInR5cCI6IkpXVCJ9.eyJ0b2tlbl90eXBlIjoicmVmcmVzaCIsImV4cCI6MTcxOTcyNjA3OCwiaWF0IjoxNzE5NjM5Njc4LCJqdGkiOiIyZjQ3ODBlMTkzZjA0NmQ1YmZhZTY4NjBhN2EzMTM4ZiIsInVzZXJfaWQiOjF9.6kvyoTzg_OuQPGm4Iqba9jlhyIsiyOnQRXKjZ0xvtp0','2024-06-29 05:41:18.994715','2024-06-30 05:41:18.000000',1,'2f4780e193f046d5bfae6860a7a3138f'),
(27,'eyJhbGciOiJIUzI1NiIsInR5cCI6IkpXVCJ9.eyJ0b2tlbl90eXBlIjoicmVmcmVzaCIsImV4cCI6MTcxOTcyNjE4OSwiaWF0IjoxNzE5NjM5Nzg5LCJqdGkiOiI0MWNhYWI5MTAzNTI0OGMzYmZkODVhNDFiNmVlOTliNSIsInVzZXJfaWQiOjF9.gbSa9WfWtKwxWpsX_Q-LpVgqXLTLceUmkfLc_JdB_y0','2024-06-29 05:43:09.549419','2024-06-30 05:43:09.000000',1,'41caab91035248c3bfd85a41b6ee99b5'),
(28,'eyJhbGciOiJIUzI1NiIsInR5cCI6IkpXVCJ9.eyJ0b2tlbl90eXBlIjoicmVmcmVzaCIsImV4cCI6MTcxOTcyNjE5NCwiaWF0IjoxNzE5NjM5Nzk0LCJqdGkiOiIyY2MyYWY0MmJiMTc0NmEyOGI2ZGZjYjc0MjMxOGU0NiIsInVzZXJfaWQiOjF9.DOEUzdnHS8tmO0hDG00ZxpAwpe7Y5j2vEKL7p3HjtGs','2024-06-29 05:43:14.183476','2024-06-30 05:43:14.000000',1,'2cc2af42bb1746a28b6dfcb742318e46'),
(29,'eyJhbGciOiJIUzI1NiIsInR5cCI6IkpXVCJ9.eyJ0b2tlbl90eXBlIjoicmVmcmVzaCIsImV4cCI6MTcxOTcyNjI0NSwiaWF0IjoxNzE5NjM5ODQ1LCJqdGkiOiIxN2ZlZGYzYzgwMTc0M2RhYTU4YWY2NTFhNmEwMTY5MyIsInVzZXJfaWQiOjF9.5w1Zn3SyaIQpnvZnw1zBV4YogERErVYit6oSy2bN-g4','2024-06-29 05:44:05.156439','2024-06-30 05:44:05.000000',1,'17fedf3c801743daa58af651a6a01693'),
(30,'eyJhbGciOiJIUzI1NiIsInR5cCI6IkpXVCJ9.eyJ0b2tlbl90eXBlIjoicmVmcmVzaCIsImV4cCI6MTcxOTcyNjI0OCwiaWF0IjoxNzE5NjM5ODQ4LCJqdGkiOiI3MGUzMGVmNzFmY2I0NWQxOTFjOWZkYmIyYTdmZjMxMCIsInVzZXJfaWQiOjF9.u_bTUh5d29sBDqe1YCgylqfnPI1FexBEuT_KRbmOW5Y','2024-06-29 05:44:08.353829','2024-06-30 05:44:08.000000',1,'70e30ef71fcb45d191c9fdbb2a7ff310'),
(31,'eyJhbGciOiJIUzI1NiIsInR5cCI6IkpXVCJ9.eyJ0b2tlbl90eXBlIjoicmVmcmVzaCIsImV4cCI6MTcxOTcyNjI1MSwiaWF0IjoxNzE5NjM5ODUxLCJqdGkiOiI4NTRlNzRmNzk2ZjY0NGUyODk3N2FmNGQ0MjExNTM5YyIsInVzZXJfaWQiOjF9.X8dEvtZwGTyiHhO9oarS2J9moJhxDwGi5A_HHKzVC5g','2024-06-29 05:44:11.999827','2024-06-30 05:44:11.000000',1,'854e74f796f644e28977af4d4211539c'),
(32,'eyJhbGciOiJIUzI1NiIsInR5cCI6IkpXVCJ9.eyJ0b2tlbl90eXBlIjoicmVmcmVzaCIsImV4cCI6MTcxOTcyNjQ4NiwiaWF0IjoxNzE5NjQwMDg2LCJqdGkiOiI0MTljNjI0MGI1Yzg0NjlkYjczYTI2MDI5Y2JhZGMzZSIsInVzZXJfaWQiOjF9.l7LfoQu9Q4X49CjMddD530VSE6h1i9bbNVU0X-Oqdek','2024-06-29 05:48:06.556715','2024-06-30 05:48:06.000000',1,'419c6240b5c8469db73a26029cbadc3e'),
(33,'eyJhbGciOiJIUzI1NiIsInR5cCI6IkpXVCJ9.eyJ0b2tlbl90eXBlIjoicmVmcmVzaCIsImV4cCI6MTcxOTcyNjU0MywiaWF0IjoxNzE5NjQwMTQzLCJqdGkiOiI0NDM2ZDc0MGVmYjU0YWIxYTQ5MTdhNDMxODdlNTBjOCIsInVzZXJfaWQiOjF9.RnU1j34bOcmh1T_DfPcEvgayKTIo50LItPOzp6v-4vs','2024-06-29 05:49:03.748077','2024-06-30 05:49:03.000000',1,'4436d740efb54ab1a4917a43187e50c8'),
(34,'eyJhbGciOiJIUzI1NiIsInR5cCI6IkpXVCJ9.eyJ0b2tlbl90eXBlIjoicmVmcmVzaCIsImV4cCI6MTcxOTcyNjYwMiwiaWF0IjoxNzE5NjQwMjAyLCJqdGkiOiJjZTE1N2E5NmFmMDE0NDJhYmU0NTRkYjY3YjQxNzdiYyIsInVzZXJfaWQiOjF9.SHWPfCaYkf4x5dEphr81FcR6l0oGu_jnBKabXv6pXaE','2024-06-29 05:50:02.776884','2024-06-30 05:50:02.000000',1,'ce157a96af01442abe454db67b4177bc'),
(35,'eyJhbGciOiJIUzI1NiIsInR5cCI6IkpXVCJ9.eyJ0b2tlbl90eXBlIjoicmVmcmVzaCIsImV4cCI6MTcxOTcyNjYwOSwiaWF0IjoxNzE5NjQwMjA5LCJqdGkiOiIzNTQ4MTQyNTk4MWI0M2ZjOTY0MGEyNWEzMmNhODk3NCIsInVzZXJfaWQiOjF9.aCaUoIJxtYj9uLW2G4b_hOsQy63G8hCegg5KYLNkzQQ','2024-06-29 05:50:09.364263','2024-06-30 05:50:09.000000',1,'35481425981b43fc9640a25a32ca8974'),
(36,'eyJhbGciOiJIUzI1NiIsInR5cCI6IkpXVCJ9.eyJ0b2tlbl90eXBlIjoicmVmcmVzaCIsImV4cCI6MTcxOTcyNjYxMCwiaWF0IjoxNzE5NjQwMjEwLCJqdGkiOiJiMGY3MjkwMzgwY2M0OTA1YWFlNmMxZDIzMjY4MWU0ZCIsInVzZXJfaWQiOjF9.8H343aLq3S4PrExCsoY9JEg2pC4-pFgWMtMM0B0mHHk','2024-06-29 05:50:10.109859','2024-06-30 05:50:10.000000',1,'b0f7290380cc4905aae6c1d232681e4d'),
(37,'eyJhbGciOiJIUzI1NiIsInR5cCI6IkpXVCJ9.eyJ0b2tlbl90eXBlIjoicmVmcmVzaCIsImV4cCI6MTcxOTcyNjYxMCwiaWF0IjoxNzE5NjQwMjEwLCJqdGkiOiI3Y2YzZWRlMGU4YzI0MjU1ODIyYWYyZjBlOGMyN2NlYiIsInVzZXJfaWQiOjF9.OoTmpBeDgoS2a-PriQlK9bu_Smsv_23rtjEyefcUJt0','2024-06-29 05:50:10.964864','2024-06-30 05:50:10.000000',1,'7cf3ede0e8c24255822af2f0e8c27ceb'),
(38,'eyJhbGciOiJIUzI1NiIsInR5cCI6IkpXVCJ9.eyJ0b2tlbl90eXBlIjoicmVmcmVzaCIsImV4cCI6MTcxOTcyNjYxMiwiaWF0IjoxNzE5NjQwMjEyLCJqdGkiOiI0YmRlNDIxYzAzNDg0MDEwYTI3ZTViNzA3MGM0ZDgxYSIsInVzZXJfaWQiOjF9.0Q5uQEfJNl0XfE6kUCODcA4IFynq175Jw7eRpwk3JjI','2024-06-29 05:50:12.546165','2024-06-30 05:50:12.000000',1,'4bde421c03484010a27e5b7070c4d81a'),
(39,'eyJhbGciOiJIUzI1NiIsInR5cCI6IkpXVCJ9.eyJ0b2tlbl90eXBlIjoicmVmcmVzaCIsImV4cCI6MTcxOTcyNjYxNCwiaWF0IjoxNzE5NjQwMjE0LCJqdGkiOiI5YTc0ZTAwNGUzM2U0MDNjODRjMTU5NTY3MDMzMGVjNiIsInVzZXJfaWQiOjF9.oLbMAv_czfCIR0y1mZSJ1WOma6o6fQY4PqDF5gZfeTE','2024-06-29 05:50:14.303908','2024-06-30 05:50:14.000000',1,'9a74e004e33e403c84c1595670330ec6'),
(40,'eyJhbGciOiJIUzI1NiIsInR5cCI6IkpXVCJ9.eyJ0b2tlbl90eXBlIjoicmVmcmVzaCIsImV4cCI6MTcxOTcyNjYxNiwiaWF0IjoxNzE5NjQwMjE2LCJqdGkiOiJmYjUxMmIyYTk2M2U0ODQxYTYzY2Q4ODBlOGM4MDIyMiIsInVzZXJfaWQiOjF9.ERXdfXtG1Z_5kHioQe3J6RGOerXuAIcZy9x9bFEklqQ','2024-06-29 05:50:16.400351','2024-06-30 05:50:16.000000',1,'fb512b2a963e4841a63cd880e8c80222'),
(41,'eyJhbGciOiJIUzI1NiIsInR5cCI6IkpXVCJ9.eyJ0b2tlbl90eXBlIjoicmVmcmVzaCIsImV4cCI6MTcxOTcyNjYxOSwiaWF0IjoxNzE5NjQwMjE5LCJqdGkiOiIxYTMyNjc2NGNhM2U0ODg1YTRlODI3ODQxM2JhMDI1ZiIsInVzZXJfaWQiOjF9.A3C8T8g11nQyExezr0jd_lxc6V6HSGYIupSsXolsO0M','2024-06-29 05:50:19.162725','2024-06-30 05:50:19.000000',1,'1a326764ca3e4885a4e8278413ba025f'),
(42,'eyJhbGciOiJIUzI1NiIsInR5cCI6IkpXVCJ9.eyJ0b2tlbl90eXBlIjoicmVmcmVzaCIsImV4cCI6MTcxOTcyNjYyMiwiaWF0IjoxNzE5NjQwMjIyLCJqdGkiOiI5NWYzOWYxYzE3NTA0NWVlYjcwMmM2MTk2ZDdkMTMyNCIsInVzZXJfaWQiOjF9.nlvzdX6zZwvn6IfNxDgzNakQu2PtbPN2oVy_RD4Csuo','2024-06-29 05:50:22.289924','2024-06-30 05:50:22.000000',1,'95f39f1c175045eeb702c6196d7d1324'),
(43,'eyJhbGciOiJIUzI1NiIsInR5cCI6IkpXVCJ9.eyJ0b2tlbl90eXBlIjoicmVmcmVzaCIsImV4cCI6MTcxOTcyNjY0MywiaWF0IjoxNzE5NjQwMjQzLCJqdGkiOiIwN2RkM2EyOGZjM2M0ZDYzYjU2NzkxNWYyZWQ4YWNjMyIsInVzZXJfaWQiOjF9.Cv6lOsV2iM807SH7woTVqRHW_exczlKWSMSKIwAJRsg','2024-06-29 05:50:43.088431','2024-06-30 05:50:43.000000',1,'07dd3a28fc3c4d63b567915f2ed8acc3'),
(44,'eyJhbGciOiJIUzI1NiIsInR5cCI6IkpXVCJ9.eyJ0b2tlbl90eXBlIjoicmVmcmVzaCIsImV4cCI6MTcxOTcyNjY0NywiaWF0IjoxNzE5NjQwMjQ3LCJqdGkiOiI2NjRlOWU2NTE1ZGY0Y2VlYjBhMDUxYzNjNTE2ZDk3YyIsInVzZXJfaWQiOjF9.ncnrvqw9qnF_yTJbrKFrYsNZkiTdpulWarTww_g9CUA','2024-06-29 05:50:47.697470','2024-06-30 05:50:47.000000',1,'664e9e6515df4ceeb0a051c3c516d97c'),
(45,'eyJhbGciOiJIUzI1NiIsInR5cCI6IkpXVCJ9.eyJ0b2tlbl90eXBlIjoicmVmcmVzaCIsImV4cCI6MTcxOTcyNjgzMywiaWF0IjoxNzE5NjQwNDMzLCJqdGkiOiJmYjA0MTVkZTIwZGQ0NWQ4OTRmYmE4NjVmNWI1OGM3NiIsInVzZXJfaWQiOjF9.jKtxZ3QgKI2Czjb8NHIlzePHWjFRGXgPdU1guUZs1v0','2024-06-29 05:53:53.848758','2024-06-30 05:53:53.000000',1,'fb0415de20dd45d894fba865f5b58c76'),
(46,'eyJhbGciOiJIUzI1NiIsInR5cCI6IkpXVCJ9.eyJ0b2tlbl90eXBlIjoicmVmcmVzaCIsImV4cCI6MTcxOTcyNjg4MiwiaWF0IjoxNzE5NjQwNDgyLCJqdGkiOiI2MjA5ZTBkMGI4Zjc0NDhhODRiYTJmZjMyZTQwZDQ2MCIsInVzZXJfaWQiOjF9.SQsrAE26s8voKFKW6IX-868R78YX46waAp51QLiNFwU','2024-06-29 05:54:42.479094','2024-06-30 05:54:42.000000',1,'6209e0d0b8f7448a84ba2ff32e40d460'),
(47,'eyJhbGciOiJIUzI1NiIsInR5cCI6IkpXVCJ9.eyJ0b2tlbl90eXBlIjoicmVmcmVzaCIsImV4cCI6MTcxOTcyNjk0MCwiaWF0IjoxNzE5NjQwNTQwLCJqdGkiOiJmMWYwNTFhODBkNTg0MjVkODgxNDExMzc0MTg5YjE4MiIsInVzZXJfaWQiOjF9.KqX9U719GHqv79yO6tyTYDT25oAN3KhthCY1cuphLZo','2024-06-29 05:55:40.519120','2024-06-30 05:55:40.000000',1,'f1f051a80d58425d881411374189b182'),
(48,'eyJhbGciOiJIUzI1NiIsInR5cCI6IkpXVCJ9.eyJ0b2tlbl90eXBlIjoicmVmcmVzaCIsImV4cCI6MTcxOTcyNjk1MCwiaWF0IjoxNzE5NjQwNTUwLCJqdGkiOiIxOGYwOTc3N2I1Zjg0Yjk4YWU2ZDhlOTU5ZTVlNmExNCIsInVzZXJfaWQiOjF9.KaZSu-mbItDlvpQT9SEiy7m3Vneyl6ql1ru8l8s0-t8','2024-06-29 05:55:50.756866','2024-06-30 05:55:50.000000',1,'18f09777b5f84b98ae6d8e959e5e6a14'),
(49,'eyJhbGciOiJIUzI1NiIsInR5cCI6IkpXVCJ9.eyJ0b2tlbl90eXBlIjoicmVmcmVzaCIsImV4cCI6MTcxOTcyNjk2MCwiaWF0IjoxNzE5NjQwNTYwLCJqdGkiOiJkMzc0MTJkMDBjZDk0Zjk2YTZiMWEyM2U1YThiOTYxZiIsInVzZXJfaWQiOjF9.Z5IM_GVSgs39RfWgCzSZKHSfKaQpRy3cRAFYUb5nb0I','2024-06-29 05:56:00.575919','2024-06-30 05:56:00.000000',1,'d37412d00cd94f96a6b1a23e5a8b961f'),
(50,'eyJhbGciOiJIUzI1NiIsInR5cCI6IkpXVCJ9.eyJ0b2tlbl90eXBlIjoicmVmcmVzaCIsImV4cCI6MTcxOTcyNzAwOCwiaWF0IjoxNzE5NjQwNjA4LCJqdGkiOiIxNzEyMDFjOGNmOTA0NmY1YWM1NjhmNWE2ZDJjYTNkNSIsInVzZXJfaWQiOjF9.h8CGwT8pY1zOBIUxU9uvvqSR0q1vBNFpAS3IWSQV9HQ','2024-06-29 05:56:48.063465','2024-06-30 05:56:48.000000',1,'171201c8cf9046f5ac568f5a6d2ca3d5'),
(51,'eyJhbGciOiJIUzI1NiIsInR5cCI6IkpXVCJ9.eyJ0b2tlbl90eXBlIjoicmVmcmVzaCIsImV4cCI6MTcxOTcyNzAxMywiaWF0IjoxNzE5NjQwNjEzLCJqdGkiOiJmNjFmNDc3MzU0NDU0NGJmYTBjYjllODNiY2Q2YmI2ZiIsInVzZXJfaWQiOjF9.hl8Lpm0UQtmO3zAScRd2RUPg1PbapewG_wqwlWKGsu8','2024-06-29 05:56:53.539272','2024-06-30 05:56:53.000000',1,'f61f4773544544bfa0cb9e83bcd6bb6f'),
(52,'eyJhbGciOiJIUzI1NiIsInR5cCI6IkpXVCJ9.eyJ0b2tlbl90eXBlIjoicmVmcmVzaCIsImV4cCI6MTcxOTcyNzAxNywiaWF0IjoxNzE5NjQwNjE3LCJqdGkiOiIxZDg2NDc4ODZiYWU0MGQwOTkwZWY0YzRlMzRlNzhmNSIsInVzZXJfaWQiOjF9.wq8vyryyr-PWWf6Y9DsgxPe_vp44YSYcSNrWvNiBLGU','2024-06-29 05:56:57.844443','2024-06-30 05:56:57.000000',1,'1d8647886bae40d0990ef4c4e34e78f5'),
(53,'eyJhbGciOiJIUzI1NiIsInR5cCI6IkpXVCJ9.eyJ0b2tlbl90eXBlIjoicmVmcmVzaCIsImV4cCI6MTcxOTcyNzA4MiwiaWF0IjoxNzE5NjQwNjgyLCJqdGkiOiJlN2FjYWFhOGIwZDA0MTM3YWY1YTFkMmY4NzFmYzEyZSIsInVzZXJfaWQiOjF9.-P6OWL4cnSh3ttthjN47VUPJ8reZ-yMLulN5SsoUmSU','2024-06-29 05:58:02.224485','2024-06-30 05:58:02.000000',1,'e7acaaa8b0d04137af5a1d2f871fc12e'),
(54,'eyJhbGciOiJIUzI1NiIsInR5cCI6IkpXVCJ9.eyJ0b2tlbl90eXBlIjoicmVmcmVzaCIsImV4cCI6MTcxOTcyNzA4NSwiaWF0IjoxNzE5NjQwNjg1LCJqdGkiOiJhZjczODIzOThhYTE0M2E1ODZhY2IyMjdiOGRkOWEyMSIsInVzZXJfaWQiOjF9.klLCZZseaS30ix1qYr2_bQ_HBvaFDM8Q6sKH4gC9TZE','2024-06-29 05:58:05.707014','2024-06-30 05:58:05.000000',1,'af7382398aa143a586acb227b8dd9a21'),
(55,'eyJhbGciOiJIUzI1NiIsInR5cCI6IkpXVCJ9.eyJ0b2tlbl90eXBlIjoicmVmcmVzaCIsImV4cCI6MTcxOTcyNzA5MiwiaWF0IjoxNzE5NjQwNjkyLCJqdGkiOiJhZWUxYzU0MmI5ZWE0MDY5YWZkNWViZmNiYTBjNmI3ZCIsInVzZXJfaWQiOjF9.hS5rfAFJZQHrKbzFaS6O9rLtmxqLVNL7ss_9MsHL1nk','2024-06-29 05:58:12.540680','2024-06-30 05:58:12.000000',1,'aee1c542b9ea4069afd5ebfcba0c6b7d'),
(56,'eyJhbGciOiJIUzI1NiIsInR5cCI6IkpXVCJ9.eyJ0b2tlbl90eXBlIjoicmVmcmVzaCIsImV4cCI6MTcxOTcyNzA5MywiaWF0IjoxNzE5NjQwNjkzLCJqdGkiOiIxNjgzZDZlMzdlNjU0YTUyOWYxNDZjZGQzMWEyNzUyNyIsInVzZXJfaWQiOjF9.VbXhE7hUGBQQAuK7vh-hXTKQoGUV6CcTaCeVHHJkTwI','2024-06-29 05:58:13.948460','2024-06-30 05:58:13.000000',1,'1683d6e37e654a529f146cdd31a27527'),
(57,'eyJhbGciOiJIUzI1NiIsInR5cCI6IkpXVCJ9.eyJ0b2tlbl90eXBlIjoicmVmcmVzaCIsImV4cCI6MTcxOTcyNzA5NSwiaWF0IjoxNzE5NjQwNjk1LCJqdGkiOiIzNGU1NjkyNTY3Nzg0NDE0OGZhNDQyNzliODc0MjRmMCIsInVzZXJfaWQiOjF9.sIGnhIhHGQyRQbjMmKcPusRYdlsv_kTPWIwwwklWBQs','2024-06-29 05:58:15.490349','2024-06-30 05:58:15.000000',1,'34e56925677844148fa44279b87424f0'),
(58,'eyJhbGciOiJIUzI1NiIsInR5cCI6IkpXVCJ9.eyJ0b2tlbl90eXBlIjoicmVmcmVzaCIsImV4cCI6MTcxOTcyNzA5NywiaWF0IjoxNzE5NjQwNjk3LCJqdGkiOiI3MmRlN2ViMmZiOWE0YzY1ODc0MDQ0YjNjMjFhNDVhNyIsInVzZXJfaWQiOjF9.h6F79VegO4CKqLkSyASNX1drJfPiYf6zchdvr37j3-0','2024-06-29 05:58:17.328136','2024-06-30 05:58:17.000000',1,'72de7eb2fb9a4c65874044b3c21a45a7'),
(59,'eyJhbGciOiJIUzI1NiIsInR5cCI6IkpXVCJ9.eyJ0b2tlbl90eXBlIjoicmVmcmVzaCIsImV4cCI6MTcxOTcyNzA5OCwiaWF0IjoxNzE5NjQwNjk4LCJqdGkiOiI1YzYzZmVkOThiMTA0YjEzOTk5Y2U5MTQxM2RlN2RmNCIsInVzZXJfaWQiOjF9.UaO32lEU6OfTGR1Qr9Hvo3V2jn9sI3JjfM-wzmTKUPQ','2024-06-29 05:58:18.184184','2024-06-30 05:58:18.000000',1,'5c63fed98b104b13999ce91413de7df4'),
(60,'eyJhbGciOiJIUzI1NiIsInR5cCI6IkpXVCJ9.eyJ0b2tlbl90eXBlIjoicmVmcmVzaCIsImV4cCI6MTcxOTcyNzA5OSwiaWF0IjoxNzE5NjQwNjk5LCJqdGkiOiIzYmYzMjY3ZjJiNTk0NDljOTU0NTU1Y2FlMzhlNGUyZiIsInVzZXJfaWQiOjF9.pc3uNnYYFm3_Gyl4oLUYgRHOsaJ4uFKGJ-rZqJgVzsw','2024-06-29 05:58:19.651259','2024-06-30 05:58:19.000000',1,'3bf3267f2b59449c954555cae38e4e2f'),
(61,'eyJhbGciOiJIUzI1NiIsInR5cCI6IkpXVCJ9.eyJ0b2tlbl90eXBlIjoicmVmcmVzaCIsImV4cCI6MTcxOTcyNzE3MiwiaWF0IjoxNzE5NjQwNzcyLCJqdGkiOiI1Y2FmNDRlMjI1ODE0YmRkOTQ1ZjdkOTUzOGU1M2U2MCIsInVzZXJfaWQiOjF9.mSZ4pPdy_14DFinVeyl2oiApEWiw0u78C07RVSxFh18','2024-06-29 05:59:32.416872','2024-06-30 05:59:32.000000',1,'5caf44e225814bdd945f7d9538e53e60'),
(62,'eyJhbGciOiJIUzI1NiIsInR5cCI6IkpXVCJ9.eyJ0b2tlbl90eXBlIjoicmVmcmVzaCIsImV4cCI6MTcxOTcyNzE3NSwiaWF0IjoxNzE5NjQwNzc1LCJqdGkiOiI4N2Q1MmJhNjQzZWQ0MWQyYjQ0MzQ3YjkyMTAzNTk3NSIsInVzZXJfaWQiOjF9.q85V3oLuUDAmIGxBi2HRvynLkzI4EOh-vC4ktPtyDnc','2024-06-29 05:59:35.166647','2024-06-30 05:59:35.000000',1,'87d52ba643ed41d2b44347b921035975'),
(63,'eyJhbGciOiJIUzI1NiIsInR5cCI6IkpXVCJ9.eyJ0b2tlbl90eXBlIjoicmVmcmVzaCIsImV4cCI6MTcxOTcyNzIzMiwiaWF0IjoxNzE5NjQwODMyLCJqdGkiOiIzYWNhZGEzZDdiZDQ0NzVkOTc1MDllZDhiNTQyMWM3ZCIsInVzZXJfaWQiOjF9.WJEk4v_F3KO7xE9uRqq5RVLyOmjZAJVZ0MmMwq3IITc','2024-06-29 06:00:32.970161','2024-06-30 06:00:32.000000',1,'3acada3d7bd4475d97509ed8b5421c7d'),
(64,'eyJhbGciOiJIUzI1NiIsInR5cCI6IkpXVCJ9.eyJ0b2tlbl90eXBlIjoicmVmcmVzaCIsImV4cCI6MTcxOTcyNzIzOCwiaWF0IjoxNzE5NjQwODM4LCJqdGkiOiI5ZGRjYjYxMzM2ZDA0NTM2Yjc0MWFjNDQwODExNTZlNSIsInVzZXJfaWQiOjF9.E3w5IC4NtGa_8gywnu_U38DLe_wqt5WkrNYT7cUOFJ0','2024-06-29 06:00:38.740999','2024-06-30 06:00:38.000000',1,'9ddcb61336d04536b741ac44081156e5'),
(65,'eyJhbGciOiJIUzI1NiIsInR5cCI6IkpXVCJ9.eyJ0b2tlbl90eXBlIjoicmVmcmVzaCIsImV4cCI6MTcxOTcyNzI4MSwiaWF0IjoxNzE5NjQwODgxLCJqdGkiOiJjMWU3ZGIwNDJjZWM0OTVkOGJjOTI2YmM3MDU1OWViNiIsInVzZXJfaWQiOjF9.g9VPdztLmfEzwvZ4canI8TxAI1uLAXS7BX5lYqxkVDg','2024-06-29 06:01:21.274033','2024-06-30 06:01:21.000000',1,'c1e7db042cec495d8bc926bc70559eb6'),
(66,'eyJhbGciOiJIUzI1NiIsInR5cCI6IkpXVCJ9.eyJ0b2tlbl90eXBlIjoicmVmcmVzaCIsImV4cCI6MTcxOTcyNzMyNywiaWF0IjoxNzE5NjQwOTI3LCJqdGkiOiI5NTE4YTg4Njg0MjU0ZWU2Yjk3YWE0YzQ5MTUzMWJhZCIsInVzZXJfaWQiOjF9.9eTaGKUv_q5CAir5fk2L7uZrQ7mxF7EG1_Y0LKWuuh0','2024-06-29 06:02:07.285742','2024-06-30 06:02:07.000000',1,'9518a88684254ee6b97aa4c491531bad'),
(67,'eyJhbGciOiJIUzI1NiIsInR5cCI6IkpXVCJ9.eyJ0b2tlbl90eXBlIjoicmVmcmVzaCIsImV4cCI6MTcxOTcyNzQxNywiaWF0IjoxNzE5NjQxMDE3LCJqdGkiOiIzYjgzMjRmYmFjNjM0YWNlOTFiZWY2NTE2ZjliM2UyMSIsInVzZXJfaWQiOjF9.nxwLA8Fuc3gSG_bqjDp-zz-ZvwUhe1swCASupQC4cuw','2024-06-29 06:03:37.493610','2024-06-30 06:03:37.000000',1,'3b8324fbac634ace91bef6516f9b3e21'),
(68,'eyJhbGciOiJIUzI1NiIsInR5cCI6IkpXVCJ9.eyJ0b2tlbl90eXBlIjoicmVmcmVzaCIsImV4cCI6MTcxOTcyNzQ5MCwiaWF0IjoxNzE5NjQxMDkwLCJqdGkiOiI3ZjQ0NzEwMzA3NjE0NzVkODM0ZTJiZTJlODhiNDdhNCIsInVzZXJfaWQiOjF9.j_dlN1jVdFPHPiGcIg-iG7-XYn_a34-nQeAyDqEq7Dg','2024-06-29 06:04:50.826676','2024-06-30 06:04:50.000000',1,'7f4471030761475d834e2be2e88b47a4'),
(69,'eyJhbGciOiJIUzI1NiIsInR5cCI6IkpXVCJ9.eyJ0b2tlbl90eXBlIjoicmVmcmVzaCIsImV4cCI6MTcxOTcyNzQ5MywiaWF0IjoxNzE5NjQxMDkzLCJqdGkiOiI4NTY1ZmE4N2M0OTc0NTY2YTA5ZmRhNDI3ZjViMjU4MSIsInVzZXJfaWQiOjF9.eilA2MDXFLb0DfdbllfcLwFup45nJ6wwGkOLOOQ3r24','2024-06-29 06:04:53.431253','2024-06-30 06:04:53.000000',1,'8565fa87c4974566a09fda427f5b2581'),
(70,'eyJhbGciOiJIUzI1NiIsInR5cCI6IkpXVCJ9.eyJ0b2tlbl90eXBlIjoicmVmcmVzaCIsImV4cCI6MTcyMDExOTQ3NCwiaWF0IjoxNzIwMDMzMDc0LCJqdGkiOiI3YzE4OTY2OTQ4YzE0OWM3YmE2ZmYxYTQwNjgzYjQyNyIsInVzZXJfaWQiOjF9.Pjb1WM62ECNnVfPdXc66hZDKacHSr7uNfZAqi_k5vcU','2024-07-03 18:57:54.035160','2024-07-04 18:57:54.000000',1,'7c18966948c149c7ba6ff1a40683b427'),
(71,'eyJhbGciOiJIUzI1NiIsInR5cCI6IkpXVCJ9.eyJ0b2tlbl90eXBlIjoicmVmcmVzaCIsImV4cCI6MTcyMDExOTQ4NywiaWF0IjoxNzIwMDMzMDg3LCJqdGkiOiIzZjU3ZDkyZTFhYjc0MjI0OWJmMDc2ODY3NDBjMjhkNiIsInVzZXJfaWQiOjF9.HOe3LloZyAUuYguvWp6DOehiO3dkFmpfb66tjFuLjNQ','2024-07-03 18:58:07.913809','2024-07-04 18:58:07.000000',1,'3f57d92e1ab742249bf07686740c28d6'),
(72,'eyJhbGciOiJIUzI1NiIsInR5cCI6IkpXVCJ9.eyJ0b2tlbl90eXBlIjoicmVmcmVzaCIsImV4cCI6MTcyMDExOTUwMywiaWF0IjoxNzIwMDMzMTAzLCJqdGkiOiI0MzllYWE0NWRhNTk0MWQyYjRlMGIwNWM2ZWRhNjc4OSIsInVzZXJfaWQiOjF9.y0lHpfTt2TKg2G5yUYSaqYRcQWwdO5nIlOgDv9ggTeg','2024-07-03 18:58:23.509081','2024-07-04 18:58:23.000000',1,'439eaa45da5941d2b4e0b05c6eda6789'),
(73,'eyJhbGciOiJIUzI1NiIsInR5cCI6IkpXVCJ9.eyJ0b2tlbl90eXBlIjoicmVmcmVzaCIsImV4cCI6MTcyMDExOTUwNiwiaWF0IjoxNzIwMDMzMTA2LCJqdGkiOiIwYjA4YjI3NDQyMmM0Nzc0YWJhNWQwY2NjOWQwYmQzNyIsInVzZXJfaWQiOjF9.q5aZ6ku_Vr2KDevv5d0oHX4DFZzJ19-g2lT5mggB1Eo','2024-07-03 18:58:26.665550','2024-07-04 18:58:26.000000',1,'0b08b274422c4774aba5d0ccc9d0bd37'),
(74,'eyJhbGciOiJIUzI1NiIsInR5cCI6IkpXVCJ9.eyJ0b2tlbl90eXBlIjoicmVmcmVzaCIsImV4cCI6MTcyMDExOTU3OSwiaWF0IjoxNzIwMDMzMTc5LCJqdGkiOiJhN2M1MTgxZjczYTE0NGQ0OGE0ODljYjE3NGIwZDQ0MyIsInVzZXJfaWQiOjF9.nQilHEKl2RWd7ElJLJ3_aZmKHo5jxGWuCJuGM2R-igQ','2024-07-03 18:59:39.652709','2024-07-04 18:59:39.000000',1,'a7c5181f73a144d48a489cb174b0d443'),
(75,'eyJhbGciOiJIUzI1NiIsInR5cCI6IkpXVCJ9.eyJ0b2tlbl90eXBlIjoicmVmcmVzaCIsImV4cCI6MTcyMDE4MDAwMCwiaWF0IjoxNzIwMDkzNjAwLCJqdGkiOiJkMmNlNWQyNGU0NmI0YzU0ODI5ODEwOGYwZmEwMmJiYiIsInVzZXJfaWQiOjF9.PDpKOX92eFRiQdyAQ1SnTDZkQ9FJC5XLC1LuhSLSMtQ','2024-07-04 11:46:40.202882','2024-07-05 11:46:40.000000',1,'d2ce5d24e46b4c548298108f0fa02bbb'),
(76,'eyJhbGciOiJIUzI1NiIsInR5cCI6IkpXVCJ9.eyJ0b2tlbl90eXBlIjoicmVmcmVzaCIsImV4cCI6MTcyMDE4MDA0NSwiaWF0IjoxNzIwMDkzNjQ1LCJqdGkiOiIyZWMwNjJhOWI5NDM0MWI2YjU0OTM0Y2IzOWUzYmZlYyIsInVzZXJfaWQiOjF9.njlb7K2XyWgg66BmSCQgO4ak7BvjNDCnpJf8uQ29JzY','2024-07-04 11:47:25.339570','2024-07-05 11:47:25.000000',1,'2ec062a9b94341b6b54934cb39e3bfec'),
(77,'eyJhbGciOiJIUzI1NiIsInR5cCI6IkpXVCJ9.eyJ0b2tlbl90eXBlIjoicmVmcmVzaCIsImV4cCI6MTcyMDE4MDE0NywiaWF0IjoxNzIwMDkzNzQ3LCJqdGkiOiI0MzRjOWE1NGIwMjQ0OTFhOTAzMWJmMjJiMTk3ODk1NCIsInVzZXJfaWQiOjF9.E95sJ-WNJs7_z5PJM440vqX7P1UZuAtv_vqktYnCynU','2024-07-04 11:49:07.505334','2024-07-05 11:49:07.000000',1,'434c9a54b024491a9031bf22b1978954'),
(78,'eyJhbGciOiJIUzI1NiIsInR5cCI6IkpXVCJ9.eyJ0b2tlbl90eXBlIjoicmVmcmVzaCIsImV4cCI6MTcyMDE4MDE2MiwiaWF0IjoxNzIwMDkzNzYyLCJqdGkiOiI1ZTAwYTRmNGU3MTM0MGFlYjBiNWQwYzZkZGY5NzFlNiIsInVzZXJfaWQiOjF9.mFEf1HGo7s8Dp5qN-JgZHpgDJLgngJwpzFSQW64d8j8','2024-07-04 11:49:22.861196','2024-07-05 11:49:22.000000',1,'5e00a4f4e71340aeb0b5d0c6ddf971e6'),
(79,'eyJhbGciOiJIUzI1NiIsInR5cCI6IkpXVCJ9.eyJ0b2tlbl90eXBlIjoicmVmcmVzaCIsImV4cCI6MTcyMDE4MDE4NCwiaWF0IjoxNzIwMDkzNzg0LCJqdGkiOiI2ODlmNDg3NWMyNzU0MjNjYTQyOTg5NzBmYjkyNzI2OCIsInVzZXJfaWQiOjF9.eI78_Rr-eep280L4gNscncBro8coiLsOg4LI9Sk2Fo0','2024-07-04 11:49:44.581531','2024-07-05 11:49:44.000000',1,'689f4875c275423ca4298970fb927268'),
(80,'eyJhbGciOiJIUzI1NiIsInR5cCI6IkpXVCJ9.eyJ0b2tlbl90eXBlIjoicmVmcmVzaCIsImV4cCI6MTcyMDE4MDIwOSwiaWF0IjoxNzIwMDkzODA5LCJqdGkiOiJhOTFmODQxMGI2MDk0NjJlYmVkMzY1N2RkMzkxYzdjYyIsInVzZXJfaWQiOjF9.9tsbb24yTLc43aXcz-sOCPIOGlFIGUO_utWq_zJXiN0','2024-07-04 11:50:09.158149','2024-07-05 11:50:09.000000',1,'a91f8410b609462ebed3657dd391c7cc'),
(81,'eyJhbGciOiJIUzI1NiIsInR5cCI6IkpXVCJ9.eyJ0b2tlbl90eXBlIjoicmVmcmVzaCIsImV4cCI6MTcyMTE1NTA0MSwiaWF0IjoxNzIxMDY4NjQxLCJqdGkiOiI3YzRkN2NjMzU2OTM0N2E1YTM2ZWRkMzUwOGM5MWRhZiIsInVzZXJfaWQiOjF9.QLV3TOEYQC08nUq7iXgf72iieiWm59vmCmXE5TGuDZo','2024-07-15 18:37:21.704819','2024-07-16 18:37:21.000000',1,'7c4d7cc3569347a5a36edd3508c91daf'),
(82,'eyJhbGciOiJIUzI1NiIsInR5cCI6IkpXVCJ9.eyJ0b2tlbl90eXBlIjoicmVmcmVzaCIsImV4cCI6MTcyMTE1NTA1MCwiaWF0IjoxNzIxMDY4NjUwLCJqdGkiOiIzY2MxN2U4MGQ4NzE0ZDA4OWMzYWIyZjkwNzlhMzkxNSIsInVzZXJfaWQiOjF9.0sfqtr_WX3s6TNCipWP-cmEyX6IPquVjdwpjBrikMeE','2024-07-15 18:37:30.547079','2024-07-16 18:37:30.000000',1,'3cc17e80d8714d089c3ab2f9079a3915'),
(83,'eyJhbGciOiJIUzI1NiIsInR5cCI6IkpXVCJ9.eyJ0b2tlbl90eXBlIjoicmVmcmVzaCIsImV4cCI6MTcyMTE1NTA1NiwiaWF0IjoxNzIxMDY4NjU2LCJqdGkiOiJkYzRiNzFlOGU2NWQ0ZjdmYWVlNDYwNzY1OWExZDZlMCIsInVzZXJfaWQiOjF9.SrbiHpNLr_rpPQfnIGUtI31OPMj8B7q40qnLghHjjZs','2024-07-15 18:37:36.432055','2024-07-16 18:37:36.000000',1,'dc4b71e8e65d4f7faee4607659a1d6e0'),
(84,'eyJhbGciOiJIUzI1NiIsInR5cCI6IkpXVCJ9.eyJ0b2tlbl90eXBlIjoicmVmcmVzaCIsImV4cCI6MTcyMTE1NTA1OSwiaWF0IjoxNzIxMDY4NjU5LCJqdGkiOiI5MGUxYmQ1YmI5YTk0MjUxYmI0ZGU4OWM3YWFkMzBkMSIsInVzZXJfaWQiOjF9.KsU36ILOu11Z1T2SkIUbhUOPgGovVf6_H-DmwbmRfM0','2024-07-15 18:37:39.095209','2024-07-16 18:37:39.000000',1,'90e1bd5bb9a94251bb4de89c7aad30d1'),
(85,'eyJhbGciOiJIUzI1NiIsInR5cCI6IkpXVCJ9.eyJ0b2tlbl90eXBlIjoicmVmcmVzaCIsImV4cCI6MTcyMTE1NTA2NiwiaWF0IjoxNzIxMDY4NjY2LCJqdGkiOiIyMjFhZThjNzQyMzM0NmZlYTFhNzFmZjAyMjQ5NDhmNyIsInVzZXJfaWQiOjF9.YbYMh3k0WDjsKCPx00Q5LtESzMluuAOtHHDb5BwgeDU','2024-07-15 18:37:46.791798','2024-07-16 18:37:46.000000',1,'221ae8c7423346fea1a71ff0224948f7'),
(86,'eyJhbGciOiJIUzI1NiIsInR5cCI6IkpXVCJ9.eyJ0b2tlbl90eXBlIjoicmVmcmVzaCIsImV4cCI6MTcyMTE1NTA3MywiaWF0IjoxNzIxMDY4NjczLCJqdGkiOiIyOWU2NDQyMzU1NmQ0YzFkOGNhZDJjZWRkZThkNWI4YSIsInVzZXJfaWQiOjF9.oRJq1JkfOPCqZ1nOImhVKQNOAw3OiYTymmxk9gKU-7k','2024-07-15 18:37:53.528695','2024-07-16 18:37:53.000000',1,'29e64423556d4c1d8cad2cedde8d5b8a'),
(87,'eyJhbGciOiJIUzI1NiIsInR5cCI6IkpXVCJ9.eyJ0b2tlbl90eXBlIjoicmVmcmVzaCIsImV4cCI6MTcyMTE1ODkzMywiaWF0IjoxNzIxMDcyNTMzLCJqdGkiOiIyM2YxNWVmZDQ4MmM0YTQwOWZhMTlhMzM3YjRkNDNmYyIsInVzZXJfaWQiOjF9.2I3mQKSWyPvL9ZLhbAgw-tFQAj_La4q8KtbhyY-FfHY','2024-07-15 19:42:13.277059','2024-07-16 19:42:13.000000',1,'23f15efd482c4a409fa19a337b4d43fc'),
(88,'eyJhbGciOiJIUzI1NiIsInR5cCI6IkpXVCJ9.eyJ0b2tlbl90eXBlIjoicmVmcmVzaCIsImV4cCI6MTcyMTE1ODk0MSwiaWF0IjoxNzIxMDcyNTQxLCJqdGkiOiI1YzFhMGE1NWM3YTU0ZjdiYjYzZWUxNzUzMjdmMzc0MSIsInVzZXJfaWQiOjF9.7PB0XKDgw8-jZvuoGOyOzjCAtnEJ7Js1-c8gc75uWfg','2024-07-15 19:42:21.470023','2024-07-16 19:42:21.000000',1,'5c1a0a55c7a54f7bb63ee175327f3741'),
(89,'eyJhbGciOiJIUzI1NiIsInR5cCI6IkpXVCJ9.eyJ0b2tlbl90eXBlIjoicmVmcmVzaCIsImV4cCI6MTcyMTE1OTM1NSwiaWF0IjoxNzIxMDcyOTU1LCJqdGkiOiIyZWQwMmExZTI4Mzg0NzAxOGY5NjlmNmM4ODlmYWVlNyIsInVzZXJfaWQiOjF9.ayJ1kMQ-rjqFaXZJ4B2Q66rHwrU4cDbqpGGiP6CMUcU','2024-07-15 19:49:15.319171','2024-07-16 19:49:15.000000',1,'2ed02a1e283847018f969f6c889faee7'),
(90,'eyJhbGciOiJIUzI1NiIsInR5cCI6IkpXVCJ9.eyJ0b2tlbl90eXBlIjoicmVmcmVzaCIsImV4cCI6MTcyMTE1OTM2MywiaWF0IjoxNzIxMDcyOTYzLCJqdGkiOiIzMmY3YjdlYzhmNWI0YmUyYjljNzhjZjRlOTYyNTcwMiIsInVzZXJfaWQiOjF9.QsHrY83zedxWjObFFNBdq2hgxt2NPi8inWKsncgvKwU','2024-07-15 19:49:23.119468','2024-07-16 19:49:23.000000',1,'32f7b7ec8f5b4be2b9c78cf4e9625702'),
(91,'eyJhbGciOiJIUzI1NiIsInR5cCI6IkpXVCJ9.eyJ0b2tlbl90eXBlIjoicmVmcmVzaCIsImV4cCI6MTcyMTE1OTM3MSwiaWF0IjoxNzIxMDcyOTcxLCJqdGkiOiI4NTc1OTJkMGVkZjg0ZDVhYmZiZjMxYTU4MDUwMDQ1YyIsInVzZXJfaWQiOjF9.e8AoS0xbjXUyLZFiFiyEFuXQoX2L-t9j0q_RLeYQU98','2024-07-15 19:49:31.442229','2024-07-16 19:49:31.000000',1,'857592d0edf84d5abfbf31a58050045c'),
(92,'eyJhbGciOiJIUzI1NiIsInR5cCI6IkpXVCJ9.eyJ0b2tlbl90eXBlIjoicmVmcmVzaCIsImV4cCI6MTcyMTE1OTM3NCwiaWF0IjoxNzIxMDcyOTc0LCJqdGkiOiI1ZDY0ODk0YzdiNGY0MzRiYWM2MDhhOTEwZWI4ZmU2NyIsInVzZXJfaWQiOjF9.gU0J6EkMbaWWlxvvpsOeq0Z373nrpE8A0wZWWvqChjU','2024-07-15 19:49:34.525781','2024-07-16 19:49:34.000000',1,'5d64894c7b4f434bac608a910eb8fe67'),
(93,'eyJhbGciOiJIUzI1NiIsInR5cCI6IkpXVCJ9.eyJ0b2tlbl90eXBlIjoicmVmcmVzaCIsImV4cCI6MTcyMTE1OTg4NSwiaWF0IjoxNzIxMDczNDg1LCJqdGkiOiI1ZmE5MzNjYzBiYTg0OTBjOTRkNDVkNTdiZTBmYTJkMiIsInVzZXJfaWQiOjF9.I-LCjIDWk_cwkEdM_DFI5kYgeiIJUFSecGn7efaSfMM','2024-07-15 19:58:05.370670','2024-07-16 19:58:05.000000',1,'5fa933cc0ba8490c94d45d57be0fa2d2'),
(94,'eyJhbGciOiJIUzI1NiIsInR5cCI6IkpXVCJ9.eyJ0b2tlbl90eXBlIjoicmVmcmVzaCIsImV4cCI6MTcyMTE1OTg5MiwiaWF0IjoxNzIxMDczNDkyLCJqdGkiOiJmZDY0YzEzM2QyMDY0ZmIyYTljZjkxNjQ1ZjFiNWM2OCIsInVzZXJfaWQiOjF9.g_kM6iJrmYa86GszQ49jmwNwRrv6FBs2SZNxQtuIJHg','2024-07-15 19:58:12.799259','2024-07-16 19:58:12.000000',1,'fd64c133d2064fb2a9cf91645f1b5c68'),
(95,'eyJhbGciOiJIUzI1NiIsInR5cCI6IkpXVCJ9.eyJ0b2tlbl90eXBlIjoicmVmcmVzaCIsImV4cCI6MTcyMTE1OTkyMSwiaWF0IjoxNzIxMDczNTIxLCJqdGkiOiI4NjIxYzg0OWU5ZTU0MGY0YWRjNDJmOGI4MGY5MDBjYiIsInVzZXJfaWQiOjF9.QBSL0WlFqQgWo34Ji5Va7DhH_WJH8336Czdjy4yAt-w','2024-07-15 19:58:41.019557','2024-07-16 19:58:41.000000',1,'8621c849e9e540f4adc42f8b80f900cb'),
(96,'eyJhbGciOiJIUzI1NiIsInR5cCI6IkpXVCJ9.eyJ0b2tlbl90eXBlIjoicmVmcmVzaCIsImV4cCI6MTcyMTE1OTkyOCwiaWF0IjoxNzIxMDczNTI4LCJqdGkiOiI1NTBhNDcwYzA0ZDE0ZjY2ODg2NzNkMThhNzhmNjNiNiIsInVzZXJfaWQiOjF9.9MxZaLvvXDeYaRfRGqPr0r0ifzrYI0Q9rY72fKfKTIM','2024-07-15 19:58:48.948299','2024-07-16 19:58:48.000000',1,'550a470c04d14f6688673d18a78f63b6'),
(97,'eyJhbGciOiJIUzI1NiIsInR5cCI6IkpXVCJ9.eyJ0b2tlbl90eXBlIjoicmVmcmVzaCIsImV4cCI6MTcyMTE2MDI2NSwiaWF0IjoxNzIxMDczODY1LCJqdGkiOiI1M2RiMzM1NWRjZmY0ZTFhOWExMGE3ZjRlNjIyYzc0MCIsInVzZXJfaWQiOjF9.7J3ikNdiBbOItvu7PEy8cSI7QU3go-3n9KZ940myVAs','2024-07-15 20:04:25.162401','2024-07-16 20:04:25.000000',1,'53db3355dcff4e1a9a10a7f4e622c740'),
(98,'eyJhbGciOiJIUzI1NiIsInR5cCI6IkpXVCJ9.eyJ0b2tlbl90eXBlIjoicmVmcmVzaCIsImV4cCI6MTcyMTE2MDI3MiwiaWF0IjoxNzIxMDczODcyLCJqdGkiOiIwMmQ1YjkxODkyMWI0YWI3YmRhMzg2ODliYjhiMTIzYyIsInVzZXJfaWQiOjF9.pQyKBOO4hxK8X7di3vFpQ0ecB5r98db5YzCwWh-1nRQ','2024-07-15 20:04:32.758874','2024-07-16 20:04:32.000000',1,'02d5b918921b4ab7bda38689bb8b123c'),
(99,'eyJhbGciOiJIUzI1NiIsInR5cCI6IkpXVCJ9.eyJ0b2tlbl90eXBlIjoicmVmcmVzaCIsImV4cCI6MTcyMTE2MDQwMiwiaWF0IjoxNzIxMDc0MDAyLCJqdGkiOiI4ZGEwMzc1NDk0OWE0NTJiODk3OWVmMzc3OWRhY2M3OCIsInVzZXJfaWQiOjF9.N33Dy4Ddj3ImYZbnyOUv2krKzU-lIZP1bA9OUYXZHoU','2024-07-15 20:06:42.364169','2024-07-16 20:06:42.000000',1,'8da03754949a452b8979ef3779dacc78'),
(100,'eyJhbGciOiJIUzI1NiIsInR5cCI6IkpXVCJ9.eyJ0b2tlbl90eXBlIjoicmVmcmVzaCIsImV4cCI6MTcyMTE2MDgzMSwiaWF0IjoxNzIxMDc0NDMxLCJqdGkiOiIzNzZmYzM2YjlkM2Q0ZWRiYTJhMTdmZDMwYzg1MGMxMyIsInVzZXJfaWQiOjF9.Td2MXZrah-YwHrACe1qFwiQhFiGKhrm5_QEB2E2A__I','2024-07-15 20:13:51.583471','2024-07-16 20:13:51.000000',1,'376fc36b9d3d4edba2a17fd30c850c13'),
(101,'eyJhbGciOiJIUzI1NiIsInR5cCI6IkpXVCJ9.eyJ0b2tlbl90eXBlIjoicmVmcmVzaCIsImV4cCI6MTcyMTE2MDg0MywiaWF0IjoxNzIxMDc0NDQzLCJqdGkiOiJjMzkwZjM4NDJjOTc0ZDE2ODkwNTI1NWZmZjUxZWY5ZCIsInVzZXJfaWQiOjF9.MiJJiyt3-_kRmO-xcDoGpG_QU_mQZiNsSp0oEVlMPIc','2024-07-15 20:14:03.464381','2024-07-16 20:14:03.000000',1,'c390f3842c974d168905255fff51ef9d'),
(102,'eyJhbGciOiJIUzI1NiIsInR5cCI6IkpXVCJ9.eyJ0b2tlbl90eXBlIjoicmVmcmVzaCIsImV4cCI6MTcyMTE2MTE1MCwiaWF0IjoxNzIxMDc0NzUwLCJqdGkiOiJkMGYyNTAzMThmMDA0NTMyYjc1NjU1MDJlODNkZGE2MSIsInVzZXJfaWQiOjF9.lRSNPalW_kOLVd0dKfsePRAN0CXqrICp3gI0dyV1EHQ','2024-07-15 20:19:10.345009','2024-07-16 20:19:10.000000',1,'d0f250318f004532b7565502e83dda61'),
(103,'eyJhbGciOiJIUzI1NiIsInR5cCI6IkpXVCJ9.eyJ0b2tlbl90eXBlIjoicmVmcmVzaCIsImV4cCI6MTcyMTE2MTE2MCwiaWF0IjoxNzIxMDc0NzYwLCJqdGkiOiI0MzVlNTIzODQ5ODE0ZWIzYTQwMDUwZDM5NWE0ZGE5MiIsInVzZXJfaWQiOjF9.0LTTBEsjklWvheZejj1opC5SEifFR3_UwEEZXNZptZw','2024-07-15 20:19:20.682612','2024-07-16 20:19:20.000000',1,'435e523849814eb3a40050d395a4da92'),
(104,'eyJhbGciOiJIUzI1NiIsInR5cCI6IkpXVCJ9.eyJ0b2tlbl90eXBlIjoicmVmcmVzaCIsImV4cCI6MTcyMTE2MTIxNiwiaWF0IjoxNzIxMDc0ODE2LCJqdGkiOiIxYzhmODRhNjQwNjI0NTc1YWZlOGE0MDliYzA4M2FlYSIsInVzZXJfaWQiOjF9.zLcHcaDqoHbw9JWXBwZKPAnGpw9J2x9ekDoJKl8cbhc','2024-07-15 20:20:16.921668','2024-07-16 20:20:16.000000',1,'1c8f84a640624575afe8a409bc083aea'),
(105,'eyJhbGciOiJIUzI1NiIsInR5cCI6IkpXVCJ9.eyJ0b2tlbl90eXBlIjoicmVmcmVzaCIsImV4cCI6MTcyMTE2MTIyNiwiaWF0IjoxNzIxMDc0ODI2LCJqdGkiOiI0MTBiZjdjODM0Y2I0OTRkOTczYmE1Zjc0NjRhYTY4ZCIsInVzZXJfaWQiOjF9.FWz5SIMnsNJGdHUPU_L77eATJvmFaB9PuQKXQLEkBZI','2024-07-15 20:20:26.057584','2024-07-16 20:20:26.000000',1,'410bf7c834cb494d973ba5f7464aa68d'),
(106,'eyJhbGciOiJIUzI1NiIsInR5cCI6IkpXVCJ9.eyJ0b2tlbl90eXBlIjoicmVmcmVzaCIsImV4cCI6MTcyMTE2MTIyOSwiaWF0IjoxNzIxMDc0ODI5LCJqdGkiOiI1ODExZTA3ODYyM2Y0NDJkOTdiOWIxNDZmOGUyNjYyNSIsInVzZXJfaWQiOjF9.JRa6aljEPrXZegUqMj6MeRJqJ0I3wSW9gnGLmn0dV1M','2024-07-15 20:20:29.613278','2024-07-16 20:20:29.000000',1,'5811e078623f442d97b9b146f8e26625'),
(107,'eyJhbGciOiJIUzI1NiIsInR5cCI6IkpXVCJ9.eyJ0b2tlbl90eXBlIjoicmVmcmVzaCIsImV4cCI6MTcyMTE2MTI0NCwiaWF0IjoxNzIxMDc0ODQ0LCJqdGkiOiI3OWM4NWE3OTk1OGQ0NGZmYWE4ZGMwMzk3NTI0NWIwYyIsInVzZXJfaWQiOjF9.N61EroXSFXaZejPM37utZ70oTr67rDircXvnZCWB3QY','2024-07-15 20:20:44.374621','2024-07-16 20:20:44.000000',1,'79c85a79958d44ffaa8dc03975245b0c'),
(108,'eyJhbGciOiJIUzI1NiIsInR5cCI6IkpXVCJ9.eyJ0b2tlbl90eXBlIjoicmVmcmVzaCIsImV4cCI6MTcyMTE2MTQ2MywiaWF0IjoxNzIxMDc1MDYzLCJqdGkiOiI4OTllZDMwYmExYjg0YTQ4OTcxZTdmMTU0M2M0ZTFjNSIsInVzZXJfaWQiOjF9.mRUh0G2mSvZOttzygH4a-3WwtTC2o0_HLMjmcctXVdU','2024-07-15 20:24:23.795425','2024-07-16 20:24:23.000000',1,'899ed30ba1b84a48971e7f1543c4e1c5'),
(109,'eyJhbGciOiJIUzI1NiIsInR5cCI6IkpXVCJ9.eyJ0b2tlbl90eXBlIjoicmVmcmVzaCIsImV4cCI6MTcyMTE2MjM5NSwiaWF0IjoxNzIxMDc1OTk1LCJqdGkiOiIxMzYyYTEyZGEyNGQ0NTBkOTU1OWNiNTlkZjc1YWJhZiIsInVzZXJfaWQiOjF9.rm5Md71_9-KuKxy-RhtGeE2Au7qGsaG71rL7f-2FUfc','2024-07-15 20:39:55.759238','2024-07-16 20:39:55.000000',1,'1362a12da24d450d9559cb59df75abaf'),
(110,'eyJhbGciOiJIUzI1NiIsInR5cCI6IkpXVCJ9.eyJ0b2tlbl90eXBlIjoicmVmcmVzaCIsImV4cCI6MTcyMTE2MjQwNCwiaWF0IjoxNzIxMDc2MDA0LCJqdGkiOiI3NmEwY2FhOGUzM2I0NDQ3YTBlMmVjMjhhMzJiY2JiNyIsInVzZXJfaWQiOjF9.J-9jwGkilaOFfnAjPi4rKs0qWuPovJlb4Di-A6nJnJ8','2024-07-15 20:40:04.284263','2024-07-16 20:40:04.000000',1,'76a0caa8e33b4447a0e2ec28a32bcbb7'),
(111,'eyJhbGciOiJIUzI1NiIsInR5cCI6IkpXVCJ9.eyJ0b2tlbl90eXBlIjoicmVmcmVzaCIsImV4cCI6MTcyMTE2NTkwMSwiaWF0IjoxNzIxMDc5NTAxLCJqdGkiOiJlMzQ1NzUxYTQ0MjA0N2Q5ODFiOGE4NjkxOTE3YTk3MSIsInVzZXJfaWQiOjF9.abFbZmti3-6nySDrfVuu3k0Jam7EYoh02om_3hOzQ3c','2024-07-15 21:38:21.122894','2024-07-16 21:38:21.000000',1,'e345751a442047d981b8a8691917a971'),
(112,'eyJhbGciOiJIUzI1NiIsInR5cCI6IkpXVCJ9.eyJ0b2tlbl90eXBlIjoicmVmcmVzaCIsImV4cCI6MTcyMTE2NTkxMCwiaWF0IjoxNzIxMDc5NTEwLCJqdGkiOiJhMGIwYTMwMzk4MTM0MGM0YmJkNmMxYTNkZDA4NWU1NyIsInVzZXJfaWQiOjF9.ubbZera84wk7mVxEJeCQMcw_KQdVYty12t-GHNjP0J4','2024-07-15 21:38:30.748520','2024-07-16 21:38:30.000000',1,'a0b0a303981340c4bbd6c1a3dd085e57'),
(113,'eyJhbGciOiJIUzI1NiIsInR5cCI6IkpXVCJ9.eyJ0b2tlbl90eXBlIjoicmVmcmVzaCIsImV4cCI6MTcyMTE2NTkxMywiaWF0IjoxNzIxMDc5NTEzLCJqdGkiOiJkZDE1YWM0ZDI0ODQ0NzM2OTcwNTcwYjg0Y2I4OWU0NyIsInVzZXJfaWQiOjF9.loQHInXlCvIIT_uqeLf-f5GLUD6Hf0AkgmdmYJZM7PM','2024-07-15 21:38:33.764839','2024-07-16 21:38:33.000000',1,'dd15ac4d24844736970570b84cb89e47'),
(114,'eyJhbGciOiJIUzI1NiIsInR5cCI6IkpXVCJ9.eyJ0b2tlbl90eXBlIjoicmVmcmVzaCIsImV4cCI6MTcyMTE2NTk3NiwiaWF0IjoxNzIxMDc5NTc2LCJqdGkiOiJlZWUwNmI2NTk5ODE0ODAzYjhlN2RmMTMxNjFjZTc5NyIsInVzZXJfaWQiOjF9.MM-dAT2d_jvd0JQIj2mttu9NJeFsQXpyI9Z2B8o7858','2024-07-15 21:39:36.295798','2024-07-16 21:39:36.000000',1,'eee06b6599814803b8e7df13161ce797'),
(115,'eyJhbGciOiJIUzI1NiIsInR5cCI6IkpXVCJ9.eyJ0b2tlbl90eXBlIjoicmVmcmVzaCIsImV4cCI6MTcyMTE2NjAzMiwiaWF0IjoxNzIxMDc5NjMyLCJqdGkiOiIzMWJkYWQ5YWEyNTQ0NWU0Yjk1ZDk1YmJiNzlhODg0NCIsInVzZXJfaWQiOjF9.cQpPAocpq2rlK6NYppokz6OPN0i5EB-S3R7PTm84B-A','2024-07-15 21:40:32.611364','2024-07-16 21:40:32.000000',1,'31bdad9aa25445e4b95d95bbb79a8844'),
(116,'eyJhbGciOiJIUzI1NiIsInR5cCI6IkpXVCJ9.eyJ0b2tlbl90eXBlIjoicmVmcmVzaCIsImV4cCI6MTcyMTE2NjE4NywiaWF0IjoxNzIxMDc5Nzg3LCJqdGkiOiI1ZTY1NGRkZjBkN2Y0NTI1YmZlYTgxNzc5YzRmNzZhMiIsInVzZXJfaWQiOjF9.5J9XJ_a9cku7tfs_fIYuHgivohCvasrcb_ifP-SksFc','2024-07-15 21:43:07.021843','2024-07-16 21:43:07.000000',1,'5e654ddf0d7f4525bfea81779c4f76a2'),
(117,'eyJhbGciOiJIUzI1NiIsInR5cCI6IkpXVCJ9.eyJ0b2tlbl90eXBlIjoicmVmcmVzaCIsImV4cCI6MTcyMTE2NjIxNywiaWF0IjoxNzIxMDc5ODE3LCJqdGkiOiI3YWIyNmI2YWZlMmU0NTViYTc5ZmQwYzM4MjZkZjk1YyIsInVzZXJfaWQiOjF9.bIeOJ1gTKo1so4G49hTvDCwitBY93uAW29s5kbyd2E0','2024-07-15 21:43:37.089760','2024-07-16 21:43:37.000000',1,'7ab26b6afe2e455ba79fd0c3826df95c'),
(118,'eyJhbGciOiJIUzI1NiIsInR5cCI6IkpXVCJ9.eyJ0b2tlbl90eXBlIjoicmVmcmVzaCIsImV4cCI6MTcyMTE2NjIzMCwiaWF0IjoxNzIxMDc5ODMwLCJqdGkiOiJmYjM4ZDEwODQ4YmE0NjVhYWY5YWE5M2I1MmQwZTdmOSIsInVzZXJfaWQiOjF9.uOq0MCjvo6KbK_43djRMZtqwkL2azxJ3fUolVYZDY7Q','2024-07-15 21:43:50.320027','2024-07-16 21:43:50.000000',1,'fb38d10848ba465aaf9aa93b52d0e7f9'),
(119,'eyJhbGciOiJIUzI1NiIsInR5cCI6IkpXVCJ9.eyJ0b2tlbl90eXBlIjoicmVmcmVzaCIsImV4cCI6MTcyMTE2NjI5MywiaWF0IjoxNzIxMDc5ODkzLCJqdGkiOiIxNmUzMmU1NGM5OTk0Mzk2YjUxNThmZDgzNmI5OWNlNCIsInVzZXJfaWQiOjF9.YaEmMh_ij-qcHoZO_H8GnEbUiU85xj-hWSXJMYS7230','2024-07-15 21:44:53.662982','2024-07-16 21:44:53.000000',1,'16e32e54c9994396b5158fd836b99ce4'),
(120,'eyJhbGciOiJIUzI1NiIsInR5cCI6IkpXVCJ9.eyJ0b2tlbl90eXBlIjoicmVmcmVzaCIsImV4cCI6MTcyMTE2NjMwMSwiaWF0IjoxNzIxMDc5OTAxLCJqdGkiOiJmMTQxNTAxMDQyMmM0NmI3YmNjNWVjZjI0MzVlNGIwNCIsInVzZXJfaWQiOjF9.RFDOSuKSCUL96mJC8SYsPtIjB42UX7ndheuBEXsqvXA','2024-07-15 21:45:01.958423','2024-07-16 21:45:01.000000',1,'f1415010422c46b7bcc5ecf2435e4b04'),
(121,'eyJhbGciOiJIUzI1NiIsInR5cCI6IkpXVCJ9.eyJ0b2tlbl90eXBlIjoicmVmcmVzaCIsImV4cCI6MTcyMTE2NjMwNSwiaWF0IjoxNzIxMDc5OTA1LCJqdGkiOiIxNTcxNjY0YjcwNTQ0NDZhOTI5MDI0NTBkNzY2ZDdhNSIsInVzZXJfaWQiOjF9.EXO_rvuvopg3IE8UysDFIxx55lYJQ33yqz7famYanHc','2024-07-15 21:45:05.795068','2024-07-16 21:45:05.000000',1,'1571664b7054446a92902450d766d7a5'),
(122,'eyJhbGciOiJIUzI1NiIsInR5cCI6IkpXVCJ9.eyJ0b2tlbl90eXBlIjoicmVmcmVzaCIsImV4cCI6MTcyMTE2NjMyNCwiaWF0IjoxNzIxMDc5OTI0LCJqdGkiOiJhOTkyZThmMWQ1ZDQ0Mjk4YWM5ZWI1YTkxMzU1YzI4YyIsInVzZXJfaWQiOjF9.ZXPTuTTSpk7GgIAUpbYNxb3Rp5UAnm09GDfeb8cgbO0','2024-07-15 21:45:24.563412','2024-07-16 21:45:24.000000',1,'a992e8f1d5d44298ac9eb5a91355c28c'),
(123,'eyJhbGciOiJIUzI1NiIsInR5cCI6IkpXVCJ9.eyJ0b2tlbl90eXBlIjoicmVmcmVzaCIsImV4cCI6MTcyMTE2NjMzNSwiaWF0IjoxNzIxMDc5OTM1LCJqdGkiOiI3M2VlODQ4MzBhMjQ0ZjAzODM5YWJkODVjYWE4MjUxYyIsInVzZXJfaWQiOjF9.o9tLAVYy9u12pfYGWHoWdD-ZHih5OccAyP8a71wabyo','2024-07-15 21:45:35.716659','2024-07-16 21:45:35.000000',1,'73ee84830a244f03839abd85caa8251c'),
(124,'eyJhbGciOiJIUzI1NiIsInR5cCI6IkpXVCJ9.eyJ0b2tlbl90eXBlIjoicmVmcmVzaCIsImV4cCI6MTcyMTE2NjM2OSwiaWF0IjoxNzIxMDc5OTY5LCJqdGkiOiI2NjFhZjQwMjAwZjc0YzNiYjJmMTYyMGM4YTZmZDZkOCIsInVzZXJfaWQiOjF9.-r31Xcs7VTfA0WREzEL8Vg2advTExRU0D5ivTi52Adg','2024-07-15 21:46:09.173516','2024-07-16 21:46:09.000000',1,'661af40200f74c3bb2f1620c8a6fd6d8'),
(125,'eyJhbGciOiJIUzI1NiIsInR5cCI6IkpXVCJ9.eyJ0b2tlbl90eXBlIjoicmVmcmVzaCIsImV4cCI6MTcyMTE2NjQwMSwiaWF0IjoxNzIxMDgwMDAxLCJqdGkiOiJhZGM1YTRjODIzNTg0ZWI0ODZjMGM4ZmNjZGYwNWVhYyIsInVzZXJfaWQiOjF9.Jg8QzEYhnZbVtG3zPQ_LQN3iMO03BoUCZFqtKi3IqLA','2024-07-15 21:46:41.223930','2024-07-16 21:46:41.000000',1,'adc5a4c823584eb486c0c8fccdf05eac'),
(126,'eyJhbGciOiJIUzI1NiIsInR5cCI6IkpXVCJ9.eyJ0b2tlbl90eXBlIjoicmVmcmVzaCIsImV4cCI6MTcyMTE2NjQzOCwiaWF0IjoxNzIxMDgwMDM4LCJqdGkiOiJkMjU5OGNkOGM2N2M0YzlhYjQ1MDJjNTQzZTM2ZTQzZSIsInVzZXJfaWQiOjF9.VUy_jI0y3VCxY03xMYYoqVvhDI2ikCdxqEBfy6recAU','2024-07-15 21:47:18.428148','2024-07-16 21:47:18.000000',1,'d2598cd8c67c4c9ab4502c543e36e43e'),
(127,'eyJhbGciOiJIUzI1NiIsInR5cCI6IkpXVCJ9.eyJ0b2tlbl90eXBlIjoicmVmcmVzaCIsImV4cCI6MTcyMTE2NjQ3OSwiaWF0IjoxNzIxMDgwMDc5LCJqdGkiOiJmZWY3MWFmYmRjNjY0M2EzODZkNGU4MzdkYjhkOWE4ZiIsInVzZXJfaWQiOjF9.7goBVyBHBMJ_0XT2e5HQ0DI9YbBCbxK-m1gZr0LXihU','2024-07-15 21:47:59.128828','2024-07-16 21:47:59.000000',1,'fef71afbdc6643a386d4e837db8d9a8f'),
(128,'eyJhbGciOiJIUzI1NiIsInR5cCI6IkpXVCJ9.eyJ0b2tlbl90eXBlIjoicmVmcmVzaCIsImV4cCI6MTcyMTE2NjQ4MSwiaWF0IjoxNzIxMDgwMDgxLCJqdGkiOiIxN2JlZmYxMGJlOTU0ODRkYTZkZjg3NzJlNWNjMTFkMiIsInVzZXJfaWQiOjF9.BRNgjTGBVk12soP11f6Z57TuTECr4xGMgZRMteLcosY','2024-07-15 21:48:01.932866','2024-07-16 21:48:01.000000',1,'17beff10be95484da6df8772e5cc11d2'),
(129,'eyJhbGciOiJIUzI1NiIsInR5cCI6IkpXVCJ9.eyJ0b2tlbl90eXBlIjoicmVmcmVzaCIsImV4cCI6MTcyMTE2NzE3NCwiaWF0IjoxNzIxMDgwNzc0LCJqdGkiOiI2YTU5NjU1ZjRkYjE0OGU0OGNhMzc4ZWE1ZWI3Yzk5YyIsInVzZXJfaWQiOjF9.5zgkc4yMppE3LeBWtUCS7x2I49UuStsp-DfGVCf2jW8','2024-07-15 21:59:34.588855','2024-07-16 21:59:34.000000',1,'6a59655f4db148e48ca378ea5eb7c99c'),
(130,'eyJhbGciOiJIUzI1NiIsInR5cCI6IkpXVCJ9.eyJ0b2tlbl90eXBlIjoicmVmcmVzaCIsImV4cCI6MTcyMTE2NzE3OSwiaWF0IjoxNzIxMDgwNzc5LCJqdGkiOiJkNTFjMjk2MzY0OWU0YjE4OWViMjQ0MjYwNzUxN2VjYiIsInVzZXJfaWQiOjF9._2VLW2cD-GetQHfP-084ykmj2IasHPA8RQBF4qUAX4c','2024-07-15 21:59:39.676850','2024-07-16 21:59:39.000000',1,'d51c2963649e4b189eb2442607517ecb'),
(131,'eyJhbGciOiJIUzI1NiIsInR5cCI6IkpXVCJ9.eyJ0b2tlbl90eXBlIjoicmVmcmVzaCIsImV4cCI6MTcyMTE2ODQ0NiwiaWF0IjoxNzIxMDgyMDQ2LCJqdGkiOiI1NjNiNTQ1NTlhNGM0ODIzOTM0M2NmN2YzYTA5MjM4YiIsInVzZXJfaWQiOjF9.l7dbSftAf7pXT933nWlexlLVip8UyKfAPUHXDkABEx8','2024-07-15 22:20:46.438794','2024-07-16 22:20:46.000000',1,'563b54559a4c48239343cf7f3a09238b'),
(132,'eyJhbGciOiJIUzI1NiIsInR5cCI6IkpXVCJ9.eyJ0b2tlbl90eXBlIjoicmVmcmVzaCIsImV4cCI6MTcyMTE2ODc3MiwiaWF0IjoxNzIxMDgyMzcyLCJqdGkiOiI0Zjk4YWE0OWJhZGU0ZTQ4OTEzNTYwYTZlZTllYjFhMyIsInVzZXJfaWQiOjF9.SpVujkVGbkU0PEpIHE1ErqCslwBmPAvaXsh-hBbaLmo','2024-07-15 22:26:12.667589','2024-07-16 22:26:12.000000',1,'4f98aa49bade4e48913560a6ee9eb1a3'),
(133,'eyJhbGciOiJIUzI1NiIsInR5cCI6IkpXVCJ9.eyJ0b2tlbl90eXBlIjoicmVmcmVzaCIsImV4cCI6MTcyMTE2OTAzMSwiaWF0IjoxNzIxMDgyNjMxLCJqdGkiOiI5NjIxMjQ4ZGQ3N2Q0Y2Y1OGE1NzcwM2ZkODdlM2QxMSIsInVzZXJfaWQiOjF9.ZokL8YRXmIaYQON7EcbG7_bRaMoN8Hr86N-4Mb0skSA','2024-07-15 22:30:31.559429','2024-07-16 22:30:31.000000',1,'9621248dd77d4cf58a57703fd87e3d11'),
(134,'eyJhbGciOiJIUzI1NiIsInR5cCI6IkpXVCJ9.eyJ0b2tlbl90eXBlIjoicmVmcmVzaCIsImV4cCI6MTcyMTE2OTAzNSwiaWF0IjoxNzIxMDgyNjM1LCJqdGkiOiIxYjJjZDIzMzJhMWE0MDkyOTVkZmIxNDA1NTIwNzEyMiIsInVzZXJfaWQiOjF9.uQ6QAobfmXzc0Hw2x1eJmZWzUG4-XIbb_EcgJqF-PKQ','2024-07-15 22:30:35.337256','2024-07-16 22:30:35.000000',1,'1b2cd2332a1a409295dfb14055207122'),
(135,'eyJhbGciOiJIUzI1NiIsInR5cCI6IkpXVCJ9.eyJ0b2tlbl90eXBlIjoicmVmcmVzaCIsImV4cCI6MTcyMTE2OTA1MiwiaWF0IjoxNzIxMDgyNjUyLCJqdGkiOiI1ZTMzM2Y2NDQ1MmQ0MjAwYjgyZjY1OTA3OWY1MWY2MiIsInVzZXJfaWQiOjF9.ui4OmyDbBPE4Bl3r22_P8Yx0Pqprr28Eik389IQfPSY','2024-07-15 22:30:52.343013','2024-07-16 22:30:52.000000',1,'5e333f64452d4200b82f659079f51f62'),
(136,'eyJhbGciOiJIUzI1NiIsInR5cCI6IkpXVCJ9.eyJ0b2tlbl90eXBlIjoicmVmcmVzaCIsImV4cCI6MTcyMTE2OTA3NCwiaWF0IjoxNzIxMDgyNjc0LCJqdGkiOiIwNWVhMmRmMjA4ZDU0ZmMzOTdhNjVkYjlkNjAwYmZiNSIsInVzZXJfaWQiOjF9.80Fd3OID18ZBgt1a9M-fs7gsXY19e83GiIV6OBK7eX4','2024-07-15 22:31:14.657347','2024-07-16 22:31:14.000000',1,'05ea2df208d54fc397a65db9d600bfb5'),
(137,'eyJhbGciOiJIUzI1NiIsInR5cCI6IkpXVCJ9.eyJ0b2tlbl90eXBlIjoicmVmcmVzaCIsImV4cCI6MTcyMTE2OTA4OCwiaWF0IjoxNzIxMDgyNjg4LCJqdGkiOiI2NjhhNzlhOWU5MjU0ZWIwODk5NmU4Yzc1YTUzY2ZhMyIsInVzZXJfaWQiOjF9.xg6IQ7XEXdFbOBmm93jmNXlOJ9qi8eYKmyqllXFdIh8','2024-07-15 22:31:28.834523','2024-07-16 22:31:28.000000',1,'668a79a9e9254eb08996e8c75a53cfa3'),
(138,'eyJhbGciOiJIUzI1NiIsInR5cCI6IkpXVCJ9.eyJ0b2tlbl90eXBlIjoicmVmcmVzaCIsImV4cCI6MTcyMTE2OTA5NCwiaWF0IjoxNzIxMDgyNjk0LCJqdGkiOiI0ODg2MjBkNjY0YTE0YTIwYTY1NWRmMjYzNzNkZWFiZSIsInVzZXJfaWQiOjF9.4Xv1CgO2QnsGj61k3iof1SG_S2mtkIXhqjxJDO_sCVs','2024-07-15 22:31:34.139266','2024-07-16 22:31:34.000000',1,'488620d664a14a20a655df26373deabe'),
(139,'eyJhbGciOiJIUzI1NiIsInR5cCI6IkpXVCJ9.eyJ0b2tlbl90eXBlIjoicmVmcmVzaCIsImV4cCI6MTcyMTE2OTEzOSwiaWF0IjoxNzIxMDgyNzM5LCJqdGkiOiIyZmE4ZjI2OGRmNDQ0ZWI2OWRmYzNmNDA4ZTM0MDM1YyIsInVzZXJfaWQiOjF9.-8iQmQNbb33g51-xN_J9lErO9Ax7x4og9feoyInPRdM','2024-07-15 22:32:19.023780','2024-07-16 22:32:19.000000',1,'2fa8f268df444eb69dfc3f408e34035c'),
(140,'eyJhbGciOiJIUzI1NiIsInR5cCI6IkpXVCJ9.eyJ0b2tlbl90eXBlIjoicmVmcmVzaCIsImV4cCI6MTcyMTE2OTE0MCwiaWF0IjoxNzIxMDgyNzQwLCJqdGkiOiJhOWMwMzhmZmQ2ZDU0NzE3ODBkMTY2ZTQ3MTgzYjBjNiIsInVzZXJfaWQiOjF9.uBUus92JYnaVVz1Z933fmKMM7S2fqJVQIZm1Csb2dL0','2024-07-15 22:32:20.645185','2024-07-16 22:32:20.000000',1,'a9c038ffd6d5471780d166e47183b0c6'),
(141,'eyJhbGciOiJIUzI1NiIsInR5cCI6IkpXVCJ9.eyJ0b2tlbl90eXBlIjoicmVmcmVzaCIsImV4cCI6MTcyMTE2OTE0MiwiaWF0IjoxNzIxMDgyNzQyLCJqdGkiOiI5ZTVlYWYwMjY3MzQ0MzNiOWQxNmE0MTVkMmIyY2E2YiIsInVzZXJfaWQiOjF9.Es2DDr6HizomDRnOLa22nmsqxqYZ5hjcbZK9xWlEpm0','2024-07-15 22:32:22.292096','2024-07-16 22:32:22.000000',1,'9e5eaf026734433b9d16a415d2b2ca6b'),
(142,'eyJhbGciOiJIUzI1NiIsInR5cCI6IkpXVCJ9.eyJ0b2tlbl90eXBlIjoicmVmcmVzaCIsImV4cCI6MTcyMTE2OTI4MCwiaWF0IjoxNzIxMDgyODgwLCJqdGkiOiIzMzdjZGEyZTRjYTg0YzFjYjI4MDVmMjJhMzZiZjdiNSIsInVzZXJfaWQiOjF9.PUZPjjO-uqQiDOAMFbRbZj98Ax8R7WOqWLSwdT1Cseo','2024-07-15 22:34:40.174641','2024-07-16 22:34:40.000000',1,'337cda2e4ca84c1cb2805f22a36bf7b5'),
(143,'eyJhbGciOiJIUzI1NiIsInR5cCI6IkpXVCJ9.eyJ0b2tlbl90eXBlIjoicmVmcmVzaCIsImV4cCI6MTcyMTE2OTI4NiwiaWF0IjoxNzIxMDgyODg2LCJqdGkiOiJkMmIzYmEyZmExZDA0NzBkOWYzZDg1NTllYjQ3YmFmMiIsInVzZXJfaWQiOjF9.FGFK_8e4L6R6XY1UHK5YIp7R4V8CV9l-5s60WXaJMKU','2024-07-15 22:34:46.293518','2024-07-16 22:34:46.000000',1,'d2b3ba2fa1d0470d9f3d8559eb47baf2'),
(144,'eyJhbGciOiJIUzI1NiIsInR5cCI6IkpXVCJ9.eyJ0b2tlbl90eXBlIjoicmVmcmVzaCIsImV4cCI6MTcyMTE2OTI4OSwiaWF0IjoxNzIxMDgyODg5LCJqdGkiOiJjNjBjNDg4MzdiYjc0MGMyYTdhZjAxMjQzMThmOTMxZSIsInVzZXJfaWQiOjF9.PG_VJ6GL2mhD58OCoOWyWRT0mA3lyuZirgmGu4YQkF4','2024-07-15 22:34:49.415044','2024-07-16 22:34:49.000000',1,'c60c48837bb740c2a7af0124318f931e'),
(145,'eyJhbGciOiJIUzI1NiIsInR5cCI6IkpXVCJ9.eyJ0b2tlbl90eXBlIjoicmVmcmVzaCIsImV4cCI6MTcyMTE2OTI5MSwiaWF0IjoxNzIxMDgyODkxLCJqdGkiOiJhYzI3Mzc0M2VhODk0ZGUyOTkyZGVkYmNhMmYzZTIwMiIsInVzZXJfaWQiOjF9.2Fpa8hyrLcSwQVaUTKxjWWZISHJzsR_MoJx0ej2r9eY','2024-07-15 22:34:51.240629','2024-07-16 22:34:51.000000',1,'ac273743ea894de2992dedbca2f3e202'),
(146,'eyJhbGciOiJIUzI1NiIsInR5cCI6IkpXVCJ9.eyJ0b2tlbl90eXBlIjoicmVmcmVzaCIsImV4cCI6MTcyMTE2OTI5MiwiaWF0IjoxNzIxMDgyODkyLCJqdGkiOiI2MGJiZmM4Mzc1ODM0MDI2OWI3MjczMWRkN2VmYWM5NyIsInVzZXJfaWQiOjF9._dC7cURXOoiKeHE2f3s_L3NBM8ptxEOtAIORTrt0050','2024-07-15 22:34:52.029417','2024-07-16 22:34:52.000000',1,'60bbfc83758340269b72731dd7efac97'),
(147,'eyJhbGciOiJIUzI1NiIsInR5cCI6IkpXVCJ9.eyJ0b2tlbl90eXBlIjoicmVmcmVzaCIsImV4cCI6MTcyMTE2OTMxNSwiaWF0IjoxNzIxMDgyOTE1LCJqdGkiOiIxY2IwNTFkZWZlMWY0MjYzYjNmYTQzNWNkMGY0NjlhMyIsInVzZXJfaWQiOjF9.VPhsfNY1bHeMYLDH5MQcEnJcKDyRXwGOK6bMSBqzLhQ','2024-07-15 22:35:15.332457','2024-07-16 22:35:15.000000',1,'1cb051defe1f4263b3fa435cd0f469a3'),
(148,'eyJhbGciOiJIUzI1NiIsInR5cCI6IkpXVCJ9.eyJ0b2tlbl90eXBlIjoicmVmcmVzaCIsImV4cCI6MTcyMTE2OTM5NSwiaWF0IjoxNzIxMDgyOTk1LCJqdGkiOiI3N2IzZmQ4MzZjMjI0ZWU2YjNjMDQzOTFkOWFlODE1MCIsInVzZXJfaWQiOjF9.zyDRXbkAcVf4mxsogl8R62P6H1yE8-BYoIsuOcxwSUk','2024-07-15 22:36:35.549169','2024-07-16 22:36:35.000000',1,'77b3fd836c224ee6b3c04391d9ae8150'),
(149,'eyJhbGciOiJIUzI1NiIsInR5cCI6IkpXVCJ9.eyJ0b2tlbl90eXBlIjoicmVmcmVzaCIsImV4cCI6MTcyMTE2OTM5NywiaWF0IjoxNzIxMDgyOTk3LCJqdGkiOiJhZTU1NGUzM2Q0NDI0ZmI5YWEzZmZiMDBmNGNmODQwZSIsInVzZXJfaWQiOjF9.JhxuQnaTHdmeCxMgywIRDe5aAvWXhoawF4BPBnKTneg','2024-07-15 22:36:37.649909','2024-07-16 22:36:37.000000',1,'ae554e33d4424fb9aa3ffb00f4cf840e'),
(150,'eyJhbGciOiJIUzI1NiIsInR5cCI6IkpXVCJ9.eyJ0b2tlbl90eXBlIjoicmVmcmVzaCIsImV4cCI6MTcyMTE2OTQwMiwiaWF0IjoxNzIxMDgzMDAyLCJqdGkiOiI5OWU3NDY0NjgzODA0Mzc5YmQ2NDY0ZWI5YWU4Y2U1NSIsInVzZXJfaWQiOjF9.2aQflSmc48Bi4Uh5sBUHbsYjkkRcBxgvw7sGgKQXI2I','2024-07-15 22:36:42.540677','2024-07-16 22:36:42.000000',1,'99e7464683804379bd6464eb9ae8ce55'),
(151,'eyJhbGciOiJIUzI1NiIsInR5cCI6IkpXVCJ9.eyJ0b2tlbl90eXBlIjoicmVmcmVzaCIsImV4cCI6MTcyMTE2OTQxMiwiaWF0IjoxNzIxMDgzMDEyLCJqdGkiOiI5ODQwMzdiMzE5MmQ0ZmQ5OGViNDdjNTY4NDQ0OTYwMyIsInVzZXJfaWQiOjF9.Aj_jZMc_naPPUA9-pXDxeCL9r_sxBB4dIBCpF659I3s','2024-07-15 22:36:52.992153','2024-07-16 22:36:52.000000',1,'984037b3192d4fd98eb47c5684449603'),
(152,'eyJhbGciOiJIUzI1NiIsInR5cCI6IkpXVCJ9.eyJ0b2tlbl90eXBlIjoicmVmcmVzaCIsImV4cCI6MTcyMTE2OTQzOCwiaWF0IjoxNzIxMDgzMDM4LCJqdGkiOiI5ZTIwMmQwY2IyZmM0ODZhOTE4ZjMzNWFkNWFkMWM4MCIsInVzZXJfaWQiOjF9.7omSZefSdFtRAiuTAorwf1siAlQKHc2ICQZ5R7RG7u0','2024-07-15 22:37:18.736629','2024-07-16 22:37:18.000000',1,'9e202d0cb2fc486a918f335ad5ad1c80'),
(153,'eyJhbGciOiJIUzI1NiIsInR5cCI6IkpXVCJ9.eyJ0b2tlbl90eXBlIjoicmVmcmVzaCIsImV4cCI6MTcyMTE2OTQ0NiwiaWF0IjoxNzIxMDgzMDQ2LCJqdGkiOiJmOTJlMzgxYmE5MGY0NmIxOThkNjQ1NmMxOGUxYjlhMCIsInVzZXJfaWQiOjF9.pCWTRFDtg_ML_PW3kN_QaoqDiBNAzCnJJW3-dWxaiPg','2024-07-15 22:37:26.431924','2024-07-16 22:37:26.000000',1,'f92e381ba90f46b198d6456c18e1b9a0'),
(154,'eyJhbGciOiJIUzI1NiIsInR5cCI6IkpXVCJ9.eyJ0b2tlbl90eXBlIjoicmVmcmVzaCIsImV4cCI6MTcyMTE2OTU0OCwiaWF0IjoxNzIxMDgzMTQ4LCJqdGkiOiJjZmRjZDhhMDQ2NDE0NWRkYmEyOWRmYzY1MTE1MGZlOCIsInVzZXJfaWQiOjF9.V-UWz2bc3H2dmgVSDUQNqqjJ8FeQA5hkqtXkELGMyV0','2024-07-15 22:39:08.889104','2024-07-16 22:39:08.000000',1,'cfdcd8a0464145ddba29dfc651150fe8'),
(155,'eyJhbGciOiJIUzI1NiIsInR5cCI6IkpXVCJ9.eyJ0b2tlbl90eXBlIjoicmVmcmVzaCIsImV4cCI6MTcyMTE2OTU3MSwiaWF0IjoxNzIxMDgzMTcxLCJqdGkiOiI2MmVmYjQ2ODk1Nzk0ZGVhYWRiM2RhZWVmMWU4MjVlNCIsInVzZXJfaWQiOjF9.UnJhAIchjjED9qHginXq3cAGivcfe48GuONduNt3J8U','2024-07-15 22:39:31.439379','2024-07-16 22:39:31.000000',1,'62efb46895794deaadb3daeef1e825e4'),
(156,'eyJhbGciOiJIUzI1NiIsInR5cCI6IkpXVCJ9.eyJ0b2tlbl90eXBlIjoicmVmcmVzaCIsImV4cCI6MTcyMTE2OTcwOSwiaWF0IjoxNzIxMDgzMzA5LCJqdGkiOiJmY2E4NWJmZmY0NWE0MmQzYTRhZTc1NWE5YzQ1NjZkMiIsInVzZXJfaWQiOjF9.TNgz-qz0mBTRsbpg2dw9XXm7QxyHP2rILFR7yREUP_8','2024-07-15 22:41:49.806352','2024-07-16 22:41:49.000000',1,'fca85bfff45a42d3a4ae755a9c4566d2'),
(157,'eyJhbGciOiJIUzI1NiIsInR5cCI6IkpXVCJ9.eyJ0b2tlbl90eXBlIjoicmVmcmVzaCIsImV4cCI6MTcyMTE2OTcyMSwiaWF0IjoxNzIxMDgzMzIxLCJqdGkiOiJiYmI0YjczMzdiMzA0YjQ4OWUwODRiZDg4MWQyOTNjMCIsInVzZXJfaWQiOjF9.Dln8P5N5Fc5vq4sJ7bTKHeFDtA9fn_lHviKLWstADx4','2024-07-15 22:42:01.006011','2024-07-16 22:42:01.000000',1,'bbb4b7337b304b489e084bd881d293c0'),
(158,'eyJhbGciOiJIUzI1NiIsInR5cCI6IkpXVCJ9.eyJ0b2tlbl90eXBlIjoicmVmcmVzaCIsImV4cCI6MTcyMTE2OTczMCwiaWF0IjoxNzIxMDgzMzMwLCJqdGkiOiI5YmMxNmE5YWM1M2Y0OTQzYjIyNTE3OTYzZWMzNmYzOSIsInVzZXJfaWQiOjF9.-boC-cxNguO4s_Yv05IJvVUOfTOVr7PyEybEVAdSbWk','2024-07-15 22:42:10.504778','2024-07-16 22:42:10.000000',1,'9bc16a9ac53f4943b22517963ec36f39'),
(159,'eyJhbGciOiJIUzI1NiIsInR5cCI6IkpXVCJ9.eyJ0b2tlbl90eXBlIjoicmVmcmVzaCIsImV4cCI6MTcyMTE2OTg3MCwiaWF0IjoxNzIxMDgzNDcwLCJqdGkiOiJkMWUzMzYxNzM1ZTQ0MDU0YWNiNzU3YWYxZjlkZTdhYiIsInVzZXJfaWQiOjF9.1UM1fg4SGhHyg_NXghIcUo1-KvQZunxZH0ng7GDwDXQ','2024-07-15 22:44:30.730150','2024-07-16 22:44:30.000000',1,'d1e3361735e44054acb757af1f9de7ab'),
(160,'eyJhbGciOiJIUzI1NiIsInR5cCI6IkpXVCJ9.eyJ0b2tlbl90eXBlIjoicmVmcmVzaCIsImV4cCI6MTcyMTE2OTg3MywiaWF0IjoxNzIxMDgzNDczLCJqdGkiOiIxOTQ1MDZjMGUxZDI0MmVmODRiMTc1MGVhNTY2MDhiMSIsInVzZXJfaWQiOjF9.bmDKlryuupBkLV2K21aTUBj-B4lsRViZmbpXWEI6ku8','2024-07-15 22:44:33.284279','2024-07-16 22:44:33.000000',1,'194506c0e1d242ef84b1750ea56608b1'),
(161,'eyJhbGciOiJIUzI1NiIsInR5cCI6IkpXVCJ9.eyJ0b2tlbl90eXBlIjoicmVmcmVzaCIsImV4cCI6MTcyMTE2OTg3NiwiaWF0IjoxNzIxMDgzNDc2LCJqdGkiOiIyZGYyYjM1Y2VmN2I0ZjJhYjRkOTA2M2QwYjZhMjE3OSIsInVzZXJfaWQiOjF9.Y-Puxrc_WX-hZiamsG8gFHEQ44_jqB2zK15ln4w950o','2024-07-15 22:44:36.032311','2024-07-16 22:44:36.000000',1,'2df2b35cef7b4f2ab4d9063d0b6a2179'),
(162,'eyJhbGciOiJIUzI1NiIsInR5cCI6IkpXVCJ9.eyJ0b2tlbl90eXBlIjoicmVmcmVzaCIsImV4cCI6MTcyMTE2OTg5MSwiaWF0IjoxNzIxMDgzNDkxLCJqdGkiOiJlM2Y3MTBjNTM4ZWU0YjBkOTk4YTE0YTE4ZTZhNzY4OSIsInVzZXJfaWQiOjF9.c-Hvs1WxzLChfGmqeJqHLQd4IjYVo3lgzSaC90aVxP0','2024-07-15 22:44:51.969068','2024-07-16 22:44:51.000000',1,'e3f710c538ee4b0d998a14a18e6a7689'),
(163,'eyJhbGciOiJIUzI1NiIsInR5cCI6IkpXVCJ9.eyJ0b2tlbl90eXBlIjoicmVmcmVzaCIsImV4cCI6MTcyMTE2OTg5MywiaWF0IjoxNzIxMDgzNDkzLCJqdGkiOiJhZWZjNTc5MzM1ZTI0MTZkOThmYjBhMTAxZmM3ODdjMSIsInVzZXJfaWQiOjF9.PmLE7M_T-bHA2-nvaoP_clOW6Uwu30_81S8hLFFHZMk','2024-07-15 22:44:53.629438','2024-07-16 22:44:53.000000',1,'aefc579335e2416d98fb0a101fc787c1'),
(164,'eyJhbGciOiJIUzI1NiIsInR5cCI6IkpXVCJ9.eyJ0b2tlbl90eXBlIjoicmVmcmVzaCIsImV4cCI6MTcyMTE2OTg5NSwiaWF0IjoxNzIxMDgzNDk1LCJqdGkiOiJkNTJlYWNhMDlkYTk0YzNlYjc3ODZkYWU5MDVlMGEzMiIsInVzZXJfaWQiOjF9.Knx13DPUTuP4ES6iz60bQl0KWc3YUoP0JgNMxOwUJpU','2024-07-15 22:44:55.222278','2024-07-16 22:44:55.000000',1,'d52eaca09da94c3eb7786dae905e0a32'),
(165,'eyJhbGciOiJIUzI1NiIsInR5cCI6IkpXVCJ9.eyJ0b2tlbl90eXBlIjoicmVmcmVzaCIsImV4cCI6MTcyMTE2OTg5NiwiaWF0IjoxNzIxMDgzNDk2LCJqdGkiOiJhZDBkOTA0MzcxYTk0NDg5YmRiYTUyZjY4MGI3ZDIyYSIsInVzZXJfaWQiOjF9.y3pkV_f7nNEPVYyBs6HWKdt846Ww3LZwXQIt3nT32nk','2024-07-15 22:44:56.797169','2024-07-16 22:44:56.000000',1,'ad0d904371a94489bdba52f680b7d22a'),
(166,'eyJhbGciOiJIUzI1NiIsInR5cCI6IkpXVCJ9.eyJ0b2tlbl90eXBlIjoicmVmcmVzaCIsImV4cCI6MTcyMTE2OTg5OCwiaWF0IjoxNzIxMDgzNDk4LCJqdGkiOiIzMWZmZDljZmRkODM0NjgzYThhMTQ2YjRmOGFlNDIzZSIsInVzZXJfaWQiOjF9.AJS2m537AY1OuZbW2hmwaroYIJmwUa6wcudJUAYXSyE','2024-07-15 22:44:58.488522','2024-07-16 22:44:58.000000',1,'31ffd9cfdd834683a8a146b4f8ae423e'),
(167,'eyJhbGciOiJIUzI1NiIsInR5cCI6IkpXVCJ9.eyJ0b2tlbl90eXBlIjoicmVmcmVzaCIsImV4cCI6MTcyMTE2OTkwMiwiaWF0IjoxNzIxMDgzNTAyLCJqdGkiOiIxYWQxN2Q2YjAzOWM0YzY3OGUxZDIyMzZkZDk2YTQ3MiIsInVzZXJfaWQiOjF9.yvit1TxYVvysH2FeiJ0c1HnZJaCX8q6w1ojPPsbRD1Y','2024-07-15 22:45:02.541368','2024-07-16 22:45:02.000000',1,'1ad17d6b039c4c678e1d2236dd96a472'),
(168,'eyJhbGciOiJIUzI1NiIsInR5cCI6IkpXVCJ9.eyJ0b2tlbl90eXBlIjoicmVmcmVzaCIsImV4cCI6MTcyMTE2OTkwNCwiaWF0IjoxNzIxMDgzNTA0LCJqdGkiOiI0NTdjZTA1OTAwYjc0Yjc5OWE5MzU5MWIwMWEwZTQ0YiIsInVzZXJfaWQiOjF9.9DX70RVmbzq-__Yn2goCSOoWRd5u3jJAeLPxUXEAp4o','2024-07-15 22:45:04.175238','2024-07-16 22:45:04.000000',1,'457ce05900b74b799a93591b01a0e44b'),
(169,'eyJhbGciOiJIUzI1NiIsInR5cCI6IkpXVCJ9.eyJ0b2tlbl90eXBlIjoicmVmcmVzaCIsImV4cCI6MTcyMTE2OTk2OSwiaWF0IjoxNzIxMDgzNTY5LCJqdGkiOiI1NzNjOGU2ZDI4OTc0N2E4YWNiZGI0NjE4MWU5N2Q0ZSIsInVzZXJfaWQiOjF9.LBqGUWEW81jFJoWHpGA7cg3p3i6OIPmfe_M-21wkajs','2024-07-15 22:46:09.579506','2024-07-16 22:46:09.000000',1,'573c8e6d289747a8acbdb46181e97d4e'),
(170,'eyJhbGciOiJIUzI1NiIsInR5cCI6IkpXVCJ9.eyJ0b2tlbl90eXBlIjoicmVmcmVzaCIsImV4cCI6MTcyMTE2OTk3MSwiaWF0IjoxNzIxMDgzNTcxLCJqdGkiOiI4ZDg2NTZhNjdkYWQ0N2E1YjQ0ODYyYmY0OWEzYjk0MSIsInVzZXJfaWQiOjF9.uJ2ywVUOSqqlA6xpp17Nwqv9zRxeAd_ifm3GWUTCrQE','2024-07-15 22:46:11.251300','2024-07-16 22:46:11.000000',1,'8d8656a67dad47a5b44862bf49a3b941'),
(171,'eyJhbGciOiJIUzI1NiIsInR5cCI6IkpXVCJ9.eyJ0b2tlbl90eXBlIjoicmVmcmVzaCIsImV4cCI6MTcyMTE2OTk3MywiaWF0IjoxNzIxMDgzNTczLCJqdGkiOiIyNDAwNmE4ZjFkMzM0ZmZkODI4OGI5Yjg5ODQxMDJkMiIsInVzZXJfaWQiOjF9._S66-BuUoUgzjFR_j6yFnf7hJxUwJHAsFvxul8zXzvQ','2024-07-15 22:46:13.503647','2024-07-16 22:46:13.000000',1,'24006a8f1d334ffd8288b9b8984102d2'),
(172,'eyJhbGciOiJIUzI1NiIsInR5cCI6IkpXVCJ9.eyJ0b2tlbl90eXBlIjoicmVmcmVzaCIsImV4cCI6MTcyMTE2OTk5MCwiaWF0IjoxNzIxMDgzNTkwLCJqdGkiOiI3ZjFhNzYxZWI5NWE0Zjk4ODc0Nzk4NWRmZDVjNWQ2YiIsInVzZXJfaWQiOjF9.GfuYUdjvsn2vuFaZo3u2kP8SV8VRK4dCVJChs-Z2mro','2024-07-15 22:46:30.681755','2024-07-16 22:46:30.000000',1,'7f1a761eb95a4f988747985dfd5c5d6b'),
(173,'eyJhbGciOiJIUzI1NiIsInR5cCI6IkpXVCJ9.eyJ0b2tlbl90eXBlIjoicmVmcmVzaCIsImV4cCI6MTcyMTE3MDA0MiwiaWF0IjoxNzIxMDgzNjQyLCJqdGkiOiJmNGJkZjlhMGNmODY0YjAwYjhkNWQ2MzNiZTJmZGZmNyIsInVzZXJfaWQiOjF9.ZY1Tv-5XNTsf1srzS6wN9YyVgfUeOE-DVPguhd5opNE','2024-07-15 22:47:22.254741','2024-07-16 22:47:22.000000',1,'f4bdf9a0cf864b00b8d5d633be2fdff7'),
(174,'eyJhbGciOiJIUzI1NiIsInR5cCI6IkpXVCJ9.eyJ0b2tlbl90eXBlIjoicmVmcmVzaCIsImV4cCI6MTcyMTE3MDA0NiwiaWF0IjoxNzIxMDgzNjQ2LCJqdGkiOiJiYjE1MjFiMjAyYjE0Yzg0ODJiYTRlOTc2Y2MwMDQwMCIsInVzZXJfaWQiOjF9.5RvpeRBMPn7Pe6g96q6UGcZbqmvb20XcXrwTA9Dq4bM','2024-07-15 22:47:26.153920','2024-07-16 22:47:26.000000',1,'bb1521b202b14c8482ba4e976cc00400'),
(175,'eyJhbGciOiJIUzI1NiIsInR5cCI6IkpXVCJ9.eyJ0b2tlbl90eXBlIjoicmVmcmVzaCIsImV4cCI6MTcyMTE3MDA2NCwiaWF0IjoxNzIxMDgzNjY0LCJqdGkiOiI0NDc4NTA2M2E2MTc0MWM5YTZjYTAyMzhlMTJlMDk4MCIsInVzZXJfaWQiOjF9.dixmuaR6eIBl9TJ-dboaR2DDjfx_tM4aet1WY_tipxU','2024-07-15 22:47:44.088736','2024-07-16 22:47:44.000000',1,'44785063a61741c9a6ca0238e12e0980'),
(176,'eyJhbGciOiJIUzI1NiIsInR5cCI6IkpXVCJ9.eyJ0b2tlbl90eXBlIjoicmVmcmVzaCIsImV4cCI6MTcyMTE3MDA2NiwiaWF0IjoxNzIxMDgzNjY2LCJqdGkiOiI2MmM2OWU3NzliYzU0ZWQyOTcwZTZlZGY1YzAxZmFkNCIsInVzZXJfaWQiOjF9.GqqCxIZP5pVH7trBPepPCrGKYY_vVGfDndn5MjbJbGw','2024-07-15 22:47:46.287780','2024-07-16 22:47:46.000000',1,'62c69e779bc54ed2970e6edf5c01fad4'),
(177,'eyJhbGciOiJIUzI1NiIsInR5cCI6IkpXVCJ9.eyJ0b2tlbl90eXBlIjoicmVmcmVzaCIsImV4cCI6MTcyMTE3MDA2OSwiaWF0IjoxNzIxMDgzNjY5LCJqdGkiOiIyYmVmMTdiYTU1MWM0OTE3YTVmZTM5ZTgwMjBjMjBmYyIsInVzZXJfaWQiOjF9.-0OMbSvWEKsIr0xtxKTtTl916zw28GdGxdFnwVikvOk','2024-07-15 22:47:49.795772','2024-07-16 22:47:49.000000',1,'2bef17ba551c4917a5fe39e8020c20fc'),
(178,'eyJhbGciOiJIUzI1NiIsInR5cCI6IkpXVCJ9.eyJ0b2tlbl90eXBlIjoicmVmcmVzaCIsImV4cCI6MTcyMTE3MDExNiwiaWF0IjoxNzIxMDgzNzE2LCJqdGkiOiI1ODE1YzQyYTRjYmI0MzBlYTQ1OTQyM2FjZWEzMWUyZCIsInVzZXJfaWQiOjF9.NrO33uRcRYyq1QOZhykXjLrSzCBQBGPef9zw_A2wgmE','2024-07-15 22:48:36.374816','2024-07-16 22:48:36.000000',1,'5815c42a4cbb430ea459423acea31e2d'),
(179,'eyJhbGciOiJIUzI1NiIsInR5cCI6IkpXVCJ9.eyJ0b2tlbl90eXBlIjoicmVmcmVzaCIsImV4cCI6MTcyMTE3MDMyNCwiaWF0IjoxNzIxMDgzOTI0LCJqdGkiOiI5MmNhNjM5NmFkOTk0MDVlODkwN2RhYzgyNjY3YmExNCIsInVzZXJfaWQiOjF9.SL_HA8zTWbaJa6pnq7YUcxoyrTHB04HAJHVy61hDPk0','2024-07-15 22:52:04.071682','2024-07-16 22:52:04.000000',1,'92ca6396ad99405e8907dac82667ba14'),
(180,'eyJhbGciOiJIUzI1NiIsInR5cCI6IkpXVCJ9.eyJ0b2tlbl90eXBlIjoicmVmcmVzaCIsImV4cCI6MTcyMTE3Nzc1NCwiaWF0IjoxNzIxMDkxMzU0LCJqdGkiOiIyZmExZTc5NjQ5ZmE0ZWExYmE1MTBjMTk1ZTIwYzExNyIsInVzZXJfaWQiOjF9.eUA1duWgDdrHC_GLNrP-mJKxqG4dr-2g-Okb8R5knH4','2024-07-16 00:55:54.105596','2024-07-17 00:55:54.000000',1,'2fa1e79649fa4ea1ba510c195e20c117'),
(181,'eyJhbGciOiJIUzI1NiIsInR5cCI6IkpXVCJ9.eyJ0b2tlbl90eXBlIjoicmVmcmVzaCIsImV4cCI6MTcyMTE3Nzc2NSwiaWF0IjoxNzIxMDkxMzY1LCJqdGkiOiJmZDk1MjhkYWVlYzQ0YTA1ODI4N2FmNzc3OGNhNmFhOSIsInVzZXJfaWQiOjF9.8F81y8mRK4Ye3Awjlf7kqoDR-Ot1tmxYUFYoxvE308I','2024-07-16 00:56:05.595150','2024-07-17 00:56:05.000000',1,'fd9528daeec44a058287af7778ca6aa9'),
(182,'eyJhbGciOiJIUzI1NiIsInR5cCI6IkpXVCJ9.eyJ0b2tlbl90eXBlIjoicmVmcmVzaCIsImV4cCI6MTcyMTE3NzgzMywiaWF0IjoxNzIxMDkxNDMzLCJqdGkiOiI1MTkzNThjYWY1MTI0ODk4ODk2ODRlMzgxN2I1OGI5YyIsInVzZXJfaWQiOjF9.axuI0nozkBsSPSsTDjF2HL2-ImUAOkbkU01nUz_4cGE','2024-07-16 00:57:13.255602','2024-07-17 00:57:13.000000',1,'519358caf512489889684e3817b58b9c'),
(183,'eyJhbGciOiJIUzI1NiIsInR5cCI6IkpXVCJ9.eyJ0b2tlbl90eXBlIjoicmVmcmVzaCIsImV4cCI6MTcyMTE3Nzg5MCwiaWF0IjoxNzIxMDkxNDkwLCJqdGkiOiIzNjY2ZDkwZWU2ZGU0NmRkYmJhNGNmOTgwMDZlZmE5ZSIsInVzZXJfaWQiOjF9._qq1UodbiF9MnUEsr0dTHaVX06urC8S60XG5imBUsJ8','2024-07-16 00:58:10.232100','2024-07-17 00:58:10.000000',1,'3666d90ee6de46ddbba4cf98006efa9e'),
(184,'eyJhbGciOiJIUzI1NiIsInR5cCI6IkpXVCJ9.eyJ0b2tlbl90eXBlIjoicmVmcmVzaCIsImV4cCI6MTcyMTE3NzkxMCwiaWF0IjoxNzIxMDkxNTEwLCJqdGkiOiJhNWJmOGUxODMxM2Q0MDU2YjNiYmVhNzIwMTE3MTUzYyIsInVzZXJfaWQiOjF9.F2wvn_NbRKB75fOGxiPEfRTrLfkdb3VRLhgilgQlvDQ','2024-07-16 00:58:30.321030','2024-07-17 00:58:30.000000',1,'a5bf8e18313d4056b3bbea720117153c'),
(185,'eyJhbGciOiJIUzI1NiIsInR5cCI6IkpXVCJ9.eyJ0b2tlbl90eXBlIjoicmVmcmVzaCIsImV4cCI6MTcyMTE3NzkyMSwiaWF0IjoxNzIxMDkxNTIxLCJqdGkiOiJmOGMzZmQyMzA1OTY0MzYzODU3NDYyY2RkOWU0NWRmYiIsInVzZXJfaWQiOjF9.f3fmNN1lfz_SR3lItJ5ZiorgcWrkqIJWzbM04rUH2Y4','2024-07-16 00:58:41.308611','2024-07-17 00:58:41.000000',1,'f8c3fd2305964363857462cdd9e45dfb'),
(186,'eyJhbGciOiJIUzI1NiIsInR5cCI6IkpXVCJ9.eyJ0b2tlbl90eXBlIjoicmVmcmVzaCIsImV4cCI6MTcyMTE3ODA1OSwiaWF0IjoxNzIxMDkxNjU5LCJqdGkiOiJlZDlhNDFiYTk1MTQ0OWJhODA0MWZkMzk4N2U4MTVjNyIsInVzZXJfaWQiOjF9.KQaEhPCYipwi5ngmRR-P7KD_r_2jJtEDk0cBfCxC8W4','2024-07-16 01:00:59.716055','2024-07-17 01:00:59.000000',1,'ed9a41ba951449ba8041fd3987e815c7'),
(187,'eyJhbGciOiJIUzI1NiIsInR5cCI6IkpXVCJ9.eyJ0b2tlbl90eXBlIjoicmVmcmVzaCIsImV4cCI6MTcyMTE3ODA2NCwiaWF0IjoxNzIxMDkxNjY0LCJqdGkiOiJhNzAzZjg3NWQ5MjM0MDBmYjFhOWMxZThmYzViMjBkMSIsInVzZXJfaWQiOjF9.7LqdVbn-5BNW4Hrwik8y1MHDb7UyOIHBm3u-1M_gBjM','2024-07-16 01:01:04.996119','2024-07-17 01:01:04.000000',1,'a703f875d923400fb1a9c1e8fc5b20d1'),
(188,'eyJhbGciOiJIUzI1NiIsInR5cCI6IkpXVCJ9.eyJ0b2tlbl90eXBlIjoicmVmcmVzaCIsImV4cCI6MTcyMTE3ODA5NCwiaWF0IjoxNzIxMDkxNjk0LCJqdGkiOiI2NmQ3ODBhZGQ5ODY0MmM4YTg4MTM0YzczYzk1NjdmYyIsInVzZXJfaWQiOjF9.SDt2g0Rjm3yJMx4NOrCEgKfS4yn4OI03gEmEMrvFRNQ','2024-07-16 01:01:34.698522','2024-07-17 01:01:34.000000',1,'66d780add98642c8a88134c73c9567fc'),
(189,'eyJhbGciOiJIUzI1NiIsInR5cCI6IkpXVCJ9.eyJ0b2tlbl90eXBlIjoicmVmcmVzaCIsImV4cCI6MTcyMTE3ODA5NiwiaWF0IjoxNzIxMDkxNjk2LCJqdGkiOiIzNTJlMjUzZDdjODM0NGRkYWRjZjQxYWEzNmFhOGVlNCIsInVzZXJfaWQiOjF9.zsoNSaUAAgAyZgfvUnFHk3M8ky9LbA67LOBOMvK0gCk','2024-07-16 01:01:36.388832','2024-07-17 01:01:36.000000',1,'352e253d7c8344ddadcf41aa36aa8ee4'),
(190,'eyJhbGciOiJIUzI1NiIsInR5cCI6IkpXVCJ9.eyJ0b2tlbl90eXBlIjoicmVmcmVzaCIsImV4cCI6MTcyMTE3ODEwOCwiaWF0IjoxNzIxMDkxNzA4LCJqdGkiOiIwMzBlMGUyZDk2Mjk0YjZmOWU5YjNhYTZjZGRhMGM5ZSIsInVzZXJfaWQiOjF9.g9dqBF_Gc3aAoW7yMstm6KSy43qWBVWdPc3mMoQYNaA','2024-07-16 01:01:48.406393','2024-07-17 01:01:48.000000',1,'030e0e2d96294b6f9e9b3aa6cdda0c9e'),
(191,'eyJhbGciOiJIUzI1NiIsInR5cCI6IkpXVCJ9.eyJ0b2tlbl90eXBlIjoicmVmcmVzaCIsImV4cCI6MTcyMTE3ODEyNCwiaWF0IjoxNzIxMDkxNzI0LCJqdGkiOiIxYzgxNDVhZTRkNWE0NTRjYTk5MDQwY2FmNGY5MTk4YiIsInVzZXJfaWQiOjF9.-qbJMx1i1SxplxfrubYqe76ss199tlJof8ZU46G6tBg','2024-07-16 01:02:04.552935','2024-07-17 01:02:04.000000',1,'1c8145ae4d5a454ca99040caf4f9198b'),
(192,'eyJhbGciOiJIUzI1NiIsInR5cCI6IkpXVCJ9.eyJ0b2tlbl90eXBlIjoicmVmcmVzaCIsImV4cCI6MTcyMTE3ODEyOCwiaWF0IjoxNzIxMDkxNzI4LCJqdGkiOiJmZWE1ZmNkYzc2Zjg0ZTI2ODIzOGE1MWU3ZDlmMWJjZiIsInVzZXJfaWQiOjF9.FwI7l2BdzlO_tDjqtcRa71UCH971n_hSzqZSzFJOOq0','2024-07-16 01:02:08.650267','2024-07-17 01:02:08.000000',1,'fea5fcdc76f84e268238a51e7d9f1bcf'),
(193,'eyJhbGciOiJIUzI1NiIsInR5cCI6IkpXVCJ9.eyJ0b2tlbl90eXBlIjoicmVmcmVzaCIsImV4cCI6MTcyMTE3ODE3NSwiaWF0IjoxNzIxMDkxNzc1LCJqdGkiOiIwMzk2N2Y4NWIyOTU0ZDZiOWNmMTA1NzBlNDgxMjdiYiIsInVzZXJfaWQiOjF9.HIejTeaWZTY52xbzqypP2yZZmxiSpMyMmoKiFFpl10s','2024-07-16 01:02:55.539347','2024-07-17 01:02:55.000000',1,'03967f85b2954d6b9cf10570e48127bb'),
(194,'eyJhbGciOiJIUzI1NiIsInR5cCI6IkpXVCJ9.eyJ0b2tlbl90eXBlIjoicmVmcmVzaCIsImV4cCI6MTcyMTE3ODE4MSwiaWF0IjoxNzIxMDkxNzgxLCJqdGkiOiI1MDZiNmM0ZjJhOGQ0ODRhOTFiNmM0ZTZjNGMyN2JiNSIsInVzZXJfaWQiOjF9.OaVCFRpSqIgyh1oBDu3OL-hLO9dMDqWiophGJpe25Sg','2024-07-16 01:03:01.801432','2024-07-17 01:03:01.000000',1,'506b6c4f2a8d484a91b6c4e6c4c27bb5'),
(195,'eyJhbGciOiJIUzI1NiIsInR5cCI6IkpXVCJ9.eyJ0b2tlbl90eXBlIjoicmVmcmVzaCIsImV4cCI6MTcyMTE3ODIzMiwiaWF0IjoxNzIxMDkxODMyLCJqdGkiOiI5NDlmZjRhZDg3YWI0ZTZkOTY0Nzk1ZDJhMzM2ZDllYyIsInVzZXJfaWQiOjF9.0nifv62wpJ49ZpxuHaTOKYYGJk6MPR5aq5ikwJ_WfRA','2024-07-16 01:03:52.575162','2024-07-17 01:03:52.000000',1,'949ff4ad87ab4e6d964795d2a336d9ec'),
(196,'eyJhbGciOiJIUzI1NiIsInR5cCI6IkpXVCJ9.eyJ0b2tlbl90eXBlIjoicmVmcmVzaCIsImV4cCI6MTcyMTE3ODIzOCwiaWF0IjoxNzIxMDkxODM4LCJqdGkiOiJjMzdjZTA5NzNlMTg0N2MxYjIyYzgyZTdlYzVjMThmNyIsInVzZXJfaWQiOjF9.TfaFiqbibUPHULCx-Xk7mCY5ivGYgO8cSh3UZ1Edw70','2024-07-16 01:03:58.613468','2024-07-17 01:03:58.000000',1,'c37ce0973e1847c1b22c82e7ec5c18f7'),
(197,'eyJhbGciOiJIUzI1NiIsInR5cCI6IkpXVCJ9.eyJ0b2tlbl90eXBlIjoicmVmcmVzaCIsImV4cCI6MTcyMTE3ODI4NSwiaWF0IjoxNzIxMDkxODg1LCJqdGkiOiI5ZjRmNDdhMjVlYjM0NGMwYTlkYzY3ZDNhYWQxMjBlMyIsInVzZXJfaWQiOjF9.d8PwvLgUNGZmnMLkS7SB4nvSwRDAlNfvk1Y7lcCt3Ro','2024-07-16 01:04:45.500656','2024-07-17 01:04:45.000000',1,'9f4f47a25eb344c0a9dc67d3aad120e3'),
(198,'eyJhbGciOiJIUzI1NiIsInR5cCI6IkpXVCJ9.eyJ0b2tlbl90eXBlIjoicmVmcmVzaCIsImV4cCI6MTcyMTE3ODMxMSwiaWF0IjoxNzIxMDkxOTExLCJqdGkiOiI3OTk3N2VkNWZhN2U0Mjg4OWE2NGU3ODViZjc4NzBhMCIsInVzZXJfaWQiOjF9.-0EKBq1xhwG0MRGdrePxKHGE_K_3VxzTZTVpZcbLSPA','2024-07-16 01:05:11.449649','2024-07-17 01:05:11.000000',1,'79977ed5fa7e42889a64e785bf7870a0'),
(199,'eyJhbGciOiJIUzI1NiIsInR5cCI6IkpXVCJ9.eyJ0b2tlbl90eXBlIjoicmVmcmVzaCIsImV4cCI6MTcyMTE3ODMxOCwiaWF0IjoxNzIxMDkxOTE4LCJqdGkiOiI2Mjg4ZTIzOWRkMGQ0YTUwOGQxYjUxNzYyYWExMjNkNiIsInVzZXJfaWQiOjF9.wK1tlBtzO765gRElHAXFmkcBkmLB_-clzLAMq3lI-sA','2024-07-16 01:05:18.579973','2024-07-17 01:05:18.000000',1,'6288e239dd0d4a508d1b51762aa123d6'),
(200,'eyJhbGciOiJIUzI1NiIsInR5cCI6IkpXVCJ9.eyJ0b2tlbl90eXBlIjoicmVmcmVzaCIsImV4cCI6MTcyMTE3ODM2NSwiaWF0IjoxNzIxMDkxOTY1LCJqdGkiOiI4OTE2YzNkYjVmZjI0MDAyYjI5Y2VmMDliM2RiYWZkNyIsInVzZXJfaWQiOjF9.xOscTO5RcqQfiLZe8sCXr-PXjei4BL5PIG-pjfY3bro','2024-07-16 01:06:05.816572','2024-07-17 01:06:05.000000',1,'8916c3db5ff24002b29cef09b3dbafd7'),
(201,'eyJhbGciOiJIUzI1NiIsInR5cCI6IkpXVCJ9.eyJ0b2tlbl90eXBlIjoicmVmcmVzaCIsImV4cCI6MTcyMTE3ODM4MiwiaWF0IjoxNzIxMDkxOTgyLCJqdGkiOiJkY2RiZTlmOGEwM2Q0MTgzOTUwN2I2MTEyNGVmYWIzOCIsInVzZXJfaWQiOjF9.me7V2WheXoHpVl4enNR9JSktVqSyixLgiJ164yXwKpM','2024-07-16 01:06:22.872506','2024-07-17 01:06:22.000000',1,'dcdbe9f8a03d41839507b61124efab38'),
(202,'eyJhbGciOiJIUzI1NiIsInR5cCI6IkpXVCJ9.eyJ0b2tlbl90eXBlIjoicmVmcmVzaCIsImV4cCI6MTcyMTE3ODQxOSwiaWF0IjoxNzIxMDkyMDE5LCJqdGkiOiIwMjQwMDNlNWVmYTM0MTI4YTcxODQ3NmYzNzIwMWE0NSIsInVzZXJfaWQiOjF9.IB7nq2QX9KCgp4i72QmvUo_qtiZJPwC9zvI-TaZQRwc','2024-07-16 01:06:59.503411','2024-07-17 01:06:59.000000',1,'024003e5efa34128a718476f37201a45'),
(203,'eyJhbGciOiJIUzI1NiIsInR5cCI6IkpXVCJ9.eyJ0b2tlbl90eXBlIjoicmVmcmVzaCIsImV4cCI6MTcyMTE3ODQzMCwiaWF0IjoxNzIxMDkyMDMwLCJqdGkiOiI3MDFiN2Q5NzhiNDA0ZGU5YmI4ZDlmMmE1ZWQ4ZWRmYyIsInVzZXJfaWQiOjF9.P2fTlQe_X8nG8_CnNOK-7kWbk-0BqBeHaMKUarCsJgc','2024-07-16 01:07:10.034254','2024-07-17 01:07:10.000000',1,'701b7d978b404de9bb8d9f2a5ed8edfc'),
(204,'eyJhbGciOiJIUzI1NiIsInR5cCI6IkpXVCJ9.eyJ0b2tlbl90eXBlIjoicmVmcmVzaCIsImV4cCI6MTcyMTE3ODQzNCwiaWF0IjoxNzIxMDkyMDM0LCJqdGkiOiIzYjI4YmFjM2Y4Nzg0YzM2YTBmODY1ZjFiNWU5ZWY3ZSIsInVzZXJfaWQiOjF9.8RqnYrJoOFKr8aIdy_ys5Ky9bJ0M6LIBNFHdj8RbQTo','2024-07-16 01:07:14.599406','2024-07-17 01:07:14.000000',1,'3b28bac3f8784c36a0f865f1b5e9ef7e'),
(205,'eyJhbGciOiJIUzI1NiIsInR5cCI6IkpXVCJ9.eyJ0b2tlbl90eXBlIjoicmVmcmVzaCIsImV4cCI6MTcyMTE3ODQ0MCwiaWF0IjoxNzIxMDkyMDQwLCJqdGkiOiJlMDIxNTEwNTI3ZjE0Yzk4YmFmYWMwMWI3NDBmODk0NyIsInVzZXJfaWQiOjF9.ZckMbnaGff32TgdSlM-9FNysPQmNwboDTPhbXkwLOio','2024-07-16 01:07:20.914072','2024-07-17 01:07:20.000000',1,'e021510527f14c98bafac01b740f8947'),
(206,'eyJhbGciOiJIUzI1NiIsInR5cCI6IkpXVCJ9.eyJ0b2tlbl90eXBlIjoicmVmcmVzaCIsImV4cCI6MTcyMTE3ODUwMiwiaWF0IjoxNzIxMDkyMTAyLCJqdGkiOiJkOTg3MGVkZGI2OWM0ZDZiOWM3NGEzNDYwYjc5ZWQwMCIsInVzZXJfaWQiOjF9.URIzKqXOEyawL5uwcer5GXJlIy5OU838FJUtrycAESA','2024-07-16 01:08:22.948023','2024-07-17 01:08:22.000000',1,'d9870eddb69c4d6b9c74a3460b79ed00'),
(207,'eyJhbGciOiJIUzI1NiIsInR5cCI6IkpXVCJ9.eyJ0b2tlbl90eXBlIjoicmVmcmVzaCIsImV4cCI6MTcyMTE3ODUzNywiaWF0IjoxNzIxMDkyMTM3LCJqdGkiOiI2MGM1N2UxOTkwNmQ0MmE0OWJmMjZiYjMxNmZmNTU1ZiIsInVzZXJfaWQiOjF9.M3R3ayvN4Vskujsztt9o7-1hBRo3aMv84hCU8swJRCQ','2024-07-16 01:08:57.290772','2024-07-17 01:08:57.000000',1,'60c57e19906d42a49bf26bb316ff555f'),
(208,'eyJhbGciOiJIUzI1NiIsInR5cCI6IkpXVCJ9.eyJ0b2tlbl90eXBlIjoicmVmcmVzaCIsImV4cCI6MTcyMTE3OTU0MiwiaWF0IjoxNzIxMDkzMTQyLCJqdGkiOiJmMDBiODRkNDBmYTc0MjQzYTc2NDlhYzAzM2FlYjllOSIsInVzZXJfaWQiOjF9.457eBPLzdakkGEQ5wD0V0Ab8NNeVKTk9zeu9-o_Xk6I','2024-07-16 01:25:42.568142','2024-07-17 01:25:42.000000',1,'f00b84d40fa74243a7649ac033aeb9e9'),
(209,'eyJhbGciOiJIUzI1NiIsInR5cCI6IkpXVCJ9.eyJ0b2tlbl90eXBlIjoicmVmcmVzaCIsImV4cCI6MTcyMTE3OTU1NCwiaWF0IjoxNzIxMDkzMTU0LCJqdGkiOiI2ZDk2MzdhNmUwNGU0ZTFkOGI4MzFkMjBkZmU4OWU5YSIsInVzZXJfaWQiOjF9.w0rkIHcBC8Myd--Gytfye_uH2VNYLPmi2Fwt52yowQQ','2024-07-16 01:25:54.826604','2024-07-17 01:25:54.000000',1,'6d9637a6e04e4e1d8b831d20dfe89e9a'),
(210,'eyJhbGciOiJIUzI1NiIsInR5cCI6IkpXVCJ9.eyJ0b2tlbl90eXBlIjoicmVmcmVzaCIsImV4cCI6MTcyMTE3OTU2MCwiaWF0IjoxNzIxMDkzMTYwLCJqdGkiOiIzY2JkMmU2OWJhNjI0OGY0ODM4MjQ0N2IzYjg4ZmZlMSIsInVzZXJfaWQiOjF9.UBR-K4j9QgSz-293lUbJh9qtehfRkY5fd275m0I8h9c','2024-07-16 01:26:00.857581','2024-07-17 01:26:00.000000',1,'3cbd2e69ba6248f48382447b3b88ffe1'),
(211,'eyJhbGciOiJIUzI1NiIsInR5cCI6IkpXVCJ9.eyJ0b2tlbl90eXBlIjoicmVmcmVzaCIsImV4cCI6MTcyMTE3OTcxNiwiaWF0IjoxNzIxMDkzMzE2LCJqdGkiOiI3NDgwZjc1NjNhMTM0MjBkOTQzNjZhNTI4MzAzYmEzOSIsInVzZXJfaWQiOjF9.B3OV1vAwr87oj_0adXXXAY4ETBHE1KDNRxnO4I3OPoY','2024-07-16 01:28:36.160260','2024-07-17 01:28:36.000000',1,'7480f7563a13420d94366a528303ba39'),
(212,'eyJhbGciOiJIUzI1NiIsInR5cCI6IkpXVCJ9.eyJ0b2tlbl90eXBlIjoicmVmcmVzaCIsImV4cCI6MTcyMTE3OTc1OCwiaWF0IjoxNzIxMDkzMzU4LCJqdGkiOiJmODQ5NDMzNTNlZWY0MGY4YTBkZWVlNjlhNWRiZDM2MiIsInVzZXJfaWQiOjF9.uN941cPKzZXZ9R6fVUBum36HIwAH5WbYIGLoGQfsgKI','2024-07-16 01:29:18.988353','2024-07-17 01:29:18.000000',1,'f84943353eef40f8a0deee69a5dbd362'),
(213,'eyJhbGciOiJIUzI1NiIsInR5cCI6IkpXVCJ9.eyJ0b2tlbl90eXBlIjoicmVmcmVzaCIsImV4cCI6MTcyMTE3OTkwNCwiaWF0IjoxNzIxMDkzNTA0LCJqdGkiOiIxYTc3N2NkYjQ2Mjg0YWJhOWZiNDk5ZjkzMGU5NjE3YiIsInVzZXJfaWQiOjF9.nVjdtYvk9OURBHldBm7HWfzlK-CeeFd3bEj3w2Zq518','2024-07-16 01:31:44.814628','2024-07-17 01:31:44.000000',1,'1a777cdb46284aba9fb499f930e9617b'),
(214,'eyJhbGciOiJIUzI1NiIsInR5cCI6IkpXVCJ9.eyJ0b2tlbl90eXBlIjoicmVmcmVzaCIsImV4cCI6MTcyMTE3OTkxMywiaWF0IjoxNzIxMDkzNTEzLCJqdGkiOiI3ZGZkNjE3N2E1YjY0ZjEyOGNkMTNiYWQxMzZlMWI5MyIsInVzZXJfaWQiOjF9.fia4VKrK3x8KVy7LaCjpLwEGIRmleMFFpxHBNidswlE','2024-07-16 01:31:53.946741','2024-07-17 01:31:53.000000',1,'7dfd6177a5b64f128cd13bad136e1b93'),
(215,'eyJhbGciOiJIUzI1NiIsInR5cCI6IkpXVCJ9.eyJ0b2tlbl90eXBlIjoicmVmcmVzaCIsImV4cCI6MTcyMTE4MDAxNCwiaWF0IjoxNzIxMDkzNjE0LCJqdGkiOiJlOTJlOWVlMDBkY2Q0OWZhOTY2OTc5YmViNWZjMzcwYyIsInVzZXJfaWQiOjF9.opi92hlPKljh9x9jFRPFT-bNtdawH3J3q2qo5NQxMD0','2024-07-16 01:33:34.502240','2024-07-17 01:33:34.000000',1,'e92e9ee00dcd49fa966979beb5fc370c'),
(216,'eyJhbGciOiJIUzI1NiIsInR5cCI6IkpXVCJ9.eyJ0b2tlbl90eXBlIjoicmVmcmVzaCIsImV4cCI6MTcyMTE4MTE0NCwiaWF0IjoxNzIxMDk0NzQ0LCJqdGkiOiIwZGRmMDk5ZTc2OGQ0YmRkOTIzY2ZjYzJkNDA5NWNiNyIsInVzZXJfaWQiOjF9.qasiF1vLG0iiG74dEqfLte8MJHIhKIiIToRWjFDJpSU','2024-07-16 01:52:24.328278','2024-07-17 01:52:24.000000',1,'0ddf099e768d4bdd923cfcc2d4095cb7'),
(217,'eyJhbGciOiJIUzI1NiIsInR5cCI6IkpXVCJ9.eyJ0b2tlbl90eXBlIjoicmVmcmVzaCIsImV4cCI6MTcyMTE4MTE1NSwiaWF0IjoxNzIxMDk0NzU1LCJqdGkiOiJjNWUxNGJjOGVkMTE0YzUzOTQ0YzQ2ZjQ3NzkyZTQzOSIsInVzZXJfaWQiOjF9.8RBEs-xTCpW-S5zbPcXjgFEp5dzEQolb6ABykyeHjR8','2024-07-16 01:52:35.524825','2024-07-17 01:52:35.000000',1,'c5e14bc8ed114c53944c46f47792e439'),
(218,'eyJhbGciOiJIUzI1NiIsInR5cCI6IkpXVCJ9.eyJ0b2tlbl90eXBlIjoicmVmcmVzaCIsImV4cCI6MTcyMTE4MTU1OSwiaWF0IjoxNzIxMDk1MTU5LCJqdGkiOiI5ODFkODdhOTk1NTQ0ZTUwYTgwYjNiZGY4MTM0MDFhZCIsInVzZXJfaWQiOjF9.p37IhV4G_gMiIux6FK6P6O0_Z6CR5b_V3i8qiZWpbFE','2024-07-16 01:59:19.395632','2024-07-17 01:59:19.000000',1,'981d87a995544e50a80b3bdf813401ad'),
(219,'eyJhbGciOiJIUzI1NiIsInR5cCI6IkpXVCJ9.eyJ0b2tlbl90eXBlIjoicmVmcmVzaCIsImV4cCI6MTcyMTE5Mjk1MywiaWF0IjoxNzIxMTA2NTUzLCJqdGkiOiJhYjk0ODI3ZWUyMTI0YjNlOTBlM2FkODQ5MDk2ODJmNiIsInVzZXJfaWQiOjF9.zgN3CQAM94pzXH5b7KFvQzInAvOCsGebW-H-8SW2Qd8','2024-07-16 05:09:13.443064','2024-07-17 05:09:13.000000',1,'ab94827ee2124b3e90e3ad84909682f6'),
(220,'eyJhbGciOiJIUzI1NiIsInR5cCI6IkpXVCJ9.eyJ0b2tlbl90eXBlIjoicmVmcmVzaCIsImV4cCI6MTcyMTE5MzAzNywiaWF0IjoxNzIxMTA2NjM3LCJqdGkiOiI4MDE5NTE1Y2Y0MjY0YTZhOGY1YTczOTI1MzU0MmE5MSIsInVzZXJfaWQiOjF9.v1R2QrchwW-5ijj2tPOpeucXTRIJrnv93oCXq_ZEJBI','2024-07-16 05:10:37.856976','2024-07-17 05:10:37.000000',1,'8019515cf4264a6a8f5a739253542a91'),
(221,'eyJhbGciOiJIUzI1NiIsInR5cCI6IkpXVCJ9.eyJ0b2tlbl90eXBlIjoicmVmcmVzaCIsImV4cCI6MTcyMTE5MzA0OCwiaWF0IjoxNzIxMTA2NjQ4LCJqdGkiOiJlMmY4YzlhZWJlMWI0MDZkOTUxMWYzMDY2ODBhMTAzYiIsInVzZXJfaWQiOjF9._QEcSYsRO6APLeqnX6wg9g62j9IzPtERbGhF4YjKOfE','2024-07-16 05:10:48.624568','2024-07-17 05:10:48.000000',1,'e2f8c9aebe1b406d9511f306680a103b'),
(222,'eyJhbGciOiJIUzI1NiIsInR5cCI6IkpXVCJ9.eyJ0b2tlbl90eXBlIjoicmVmcmVzaCIsImV4cCI6MTcyMTE5MzE2NywiaWF0IjoxNzIxMTA2NzY3LCJqdGkiOiI5ZDAyNjIwYjZmYTA0MDMwYWI5NzVmYTQ4Y2E3NGMwNCIsInVzZXJfaWQiOjF9.3AzQ8yuMcrCzp2F95SEgY2h56fAHqvAqgioFpY8v_uo','2024-07-16 05:12:47.324286','2024-07-17 05:12:47.000000',1,'9d02620b6fa04030ab975fa48ca74c04'),
(223,'eyJhbGciOiJIUzI1NiIsInR5cCI6IkpXVCJ9.eyJ0b2tlbl90eXBlIjoicmVmcmVzaCIsImV4cCI6MTcyMTI0MjY2NiwiaWF0IjoxNzIxMTU2MjY2LCJqdGkiOiJiMTNlMjY4ZGZmN2Y0MjcwOGE4MzQ4ZDYxOTU0OTc0NyIsInVzZXJfaWQiOjF9.aFHCCXcgv2Vk6cBl7lDCJReYvtwqSuoCsqpk3ftn91w','2024-07-16 18:57:46.391757','2024-07-17 18:57:46.000000',1,'b13e268dff7f42708a8348d619549747'),
(224,'eyJhbGciOiJIUzI1NiIsInR5cCI6IkpXVCJ9.eyJ0b2tlbl90eXBlIjoicmVmcmVzaCIsImV4cCI6MTcyMTI0MjY2OCwiaWF0IjoxNzIxMTU2MjY4LCJqdGkiOiJmMWY3YjZjMjFiZmY0OWFmYjQzYjdjMjA3YzFiMzYwNyIsInVzZXJfaWQiOjF9.O-4hHtLS6wDCTs3xHKrDfo46dOysESiV0-iMHhOSN64','2024-07-16 18:57:48.740566','2024-07-17 18:57:48.000000',1,'f1f7b6c21bff49afb43b7c207c1b3607'),
(225,'eyJhbGciOiJIUzI1NiIsInR5cCI6IkpXVCJ9.eyJ0b2tlbl90eXBlIjoicmVmcmVzaCIsImV4cCI6MTcyMTI0MjY3OSwiaWF0IjoxNzIxMTU2Mjc5LCJqdGkiOiI2MjNmYzhlNTk2MTY0YzI2OTgyYmJlZGU1YWMwOTQ4NyIsInVzZXJfaWQiOjF9.SXDgKCmfwhjkE0dGxbtmDZ-Pz3VBXt2nGx8hh0w_4-I','2024-07-16 18:57:59.789201','2024-07-17 18:57:59.000000',1,'623fc8e596164c26982bbede5ac09487'),
(226,'eyJhbGciOiJIUzI1NiIsInR5cCI6IkpXVCJ9.eyJ0b2tlbl90eXBlIjoicmVmcmVzaCIsImV4cCI6MTcyMTI0MjgzNiwiaWF0IjoxNzIxMTU2NDM2LCJqdGkiOiI1MjEzMzg4ODI2ZmE0NWQ3OWFkZmQ3YmNiOWJiZWU3YSIsInVzZXJfaWQiOjF9.IBVNw3hHOsw5RBEdgpj7eTH1wZUyPfTLkJfdECNQ3H4','2024-07-16 19:00:36.324906','2024-07-17 19:00:36.000000',1,'5213388826fa45d79adfd7bcb9bbee7a'),
(227,'eyJhbGciOiJIUzI1NiIsInR5cCI6IkpXVCJ9.eyJ0b2tlbl90eXBlIjoicmVmcmVzaCIsImV4cCI6MTcyMTI0Mjg0OSwiaWF0IjoxNzIxMTU2NDQ5LCJqdGkiOiI0YjNlMmEyMzdkYzU0MWY1YTZhNDI3MzM5MjQ0OWMxNyIsInVzZXJfaWQiOjF9.ZPBlbWAFt22a9jgkiUBg03rSjAFtTN6TLgtMkfXoFdA','2024-07-16 19:00:49.183101','2024-07-17 19:00:49.000000',1,'4b3e2a237dc541f5a6a4273392449c17'),
(228,'eyJhbGciOiJIUzI1NiIsInR5cCI6IkpXVCJ9.eyJ0b2tlbl90eXBlIjoicmVmcmVzaCIsImV4cCI6MTcyMTI0MzEzMSwiaWF0IjoxNzIxMTU2NzMxLCJqdGkiOiIyYmY2NzQ3ZWExNDM0MmY1OTg2ZmEyMjRiODZkNTk0ZSIsInVzZXJfaWQiOjF9.WPMuypgRb16FvukmmAYx55NdJko68LLPnFyEbIlFx7k','2024-07-16 19:05:31.526641','2024-07-17 19:05:31.000000',1,'2bf6747ea14342f5986fa224b86d594e'),
(229,'eyJhbGciOiJIUzI1NiIsInR5cCI6IkpXVCJ9.eyJ0b2tlbl90eXBlIjoicmVmcmVzaCIsImV4cCI6MTcyMTI0MzEzOSwiaWF0IjoxNzIxMTU2NzM5LCJqdGkiOiJhMDMwZmYzODA0MjM0ZTcyYjU4MTM3ODQ2MDFiY2NhYyIsInVzZXJfaWQiOjF9.c3Wvb_kuU4pkqWYjqLKnga8iUC1a24XebZ3AFqs3g3E','2024-07-16 19:05:39.319763','2024-07-17 19:05:39.000000',1,'a030ff3804234e72b5813784601bccac'),
(230,'eyJhbGciOiJIUzI1NiIsInR5cCI6IkpXVCJ9.eyJ0b2tlbl90eXBlIjoicmVmcmVzaCIsImV4cCI6MTcyMTI0MzE0NywiaWF0IjoxNzIxMTU2NzQ3LCJqdGkiOiJhZGNiOWYxMzkxMTg0MGM4YWE1ZWFhMDE0NzY5M2NlYiIsInVzZXJfaWQiOjF9.7T-D-HuO9pHce7KsLWkqdaXFJoEqi5IC7N15NQtUYt4','2024-07-16 19:05:47.761353','2024-07-17 19:05:47.000000',1,'adcb9f13911840c8aa5eaa0147693ceb'),
(231,'eyJhbGciOiJIUzI1NiIsInR5cCI6IkpXVCJ9.eyJ0b2tlbl90eXBlIjoicmVmcmVzaCIsImV4cCI6MTcyMTM4OTQ2MSwiaWF0IjoxNzIxMzAzMDYxLCJqdGkiOiJlMTY4MDFkZjQ2NTk0Y2VmYWFlNDU5NzcxNWI4ZDA1MiIsInVzZXJfaWQiOjF9.PVV30-4_aGJWiTugfasQIuZDFbr18RFpZ3TCX7t9lyE','2024-07-18 11:44:21.667160','2024-07-19 11:44:21.000000',1,'e16801df46594cefaae4597715b8d052'),
(232,'eyJhbGciOiJIUzI1NiIsInR5cCI6IkpXVCJ9.eyJ0b2tlbl90eXBlIjoicmVmcmVzaCIsImV4cCI6MTcyMTM4OTQ4MCwiaWF0IjoxNzIxMzAzMDgwLCJqdGkiOiJhNzA5ZTBmMTU4OTk0YzY5YjA0Mjg5NzI5ZWM1NDQ3OCIsInVzZXJfaWQiOjF9.C8s35ZmKIM0OrF-lAALinrKyOEZyyq2y1Q7Y6wzzaJw','2024-07-18 11:44:40.359727','2024-07-19 11:44:40.000000',1,'a709e0f158994c69b04289729ec54478'),
(233,'eyJhbGciOiJIUzI1NiIsInR5cCI6IkpXVCJ9.eyJ0b2tlbl90eXBlIjoicmVmcmVzaCIsImV4cCI6MTcyMTM4OTgzMSwiaWF0IjoxNzIxMzAzNDMxLCJqdGkiOiIzNWE5ODEyOWQ5MGE0NDZkYjNlODgxZmFkYTdjNmM5YyIsInVzZXJfaWQiOjF9.FOCNVtdHOr8SjOP15Rv9qZSUf7tXKhuiKZT80-OY-wo','2024-07-18 11:50:31.186440','2024-07-19 11:50:31.000000',1,'35a98129d90a446db3e881fada7c6c9c'),
(234,'eyJhbGciOiJIUzI1NiIsInR5cCI6IkpXVCJ9.eyJ0b2tlbl90eXBlIjoicmVmcmVzaCIsImV4cCI6MTcyMTM4OTg1OSwiaWF0IjoxNzIxMzAzNDU5LCJqdGkiOiI5NThkZDI4NzUyZWQ0ZjZhYjAzMzg2ZTUyOWRjM2Y4MyIsInVzZXJfaWQiOjF9.6SMHpkGpvlJQua98O4-Nqgm4zl-SfNL1xEKqRLwkxpA','2024-07-18 11:50:59.964225','2024-07-19 11:50:59.000000',1,'958dd28752ed4f6ab03386e529dc3f83'),
(235,'eyJhbGciOiJIUzI1NiIsInR5cCI6IkpXVCJ9.eyJ0b2tlbl90eXBlIjoicmVmcmVzaCIsImV4cCI6MTcyMTM4OTg4MCwiaWF0IjoxNzIxMzAzNDgwLCJqdGkiOiI0ZWNiZjU4ZWUwMzI0ZGI1OGYyMDViMDQwNWNiZDljYyIsInVzZXJfaWQiOjF9.aaM6SYyVfvnTjMr1g0tH2CF3vJiMWKtkvDZ_LLjLHJw','2024-07-18 11:51:20.234065','2024-07-19 11:51:20.000000',1,'4ecbf58ee0324db58f205b0405cbd9cc'),
(236,'eyJhbGciOiJIUzI1NiIsInR5cCI6IkpXVCJ9.eyJ0b2tlbl90eXBlIjoicmVmcmVzaCIsImV4cCI6MTcyMTM4OTk1MywiaWF0IjoxNzIxMzAzNTUzLCJqdGkiOiIwNzQ5OWNiZTA5YTM0NGUzYWY2NjA4NDQzODBlY2QyNCIsInVzZXJfaWQiOjF9.zbjzxNcs-ZzbrKuJ4Mt6NSmf4jumX0yF7ytLxzV65O8','2024-07-18 11:52:33.194906','2024-07-19 11:52:33.000000',1,'07499cbe09a344e3af660844380ecd24'),
(237,'eyJhbGciOiJIUzI1NiIsInR5cCI6IkpXVCJ9.eyJ0b2tlbl90eXBlIjoicmVmcmVzaCIsImV4cCI6MTcyMTM5MDE0NSwiaWF0IjoxNzIxMzAzNzQ1LCJqdGkiOiI0ODAxNTk2MTQ2MGQ0ZDBkOWI5ZjVkNzE4MDNhYmQzOCIsInVzZXJfaWQiOjF9.6iOeirXSuG3W_fzQa-gv2cfbY5Wpm43yO7AKnRWvWLY','2024-07-18 11:55:45.814938','2024-07-19 11:55:45.000000',1,'48015961460d4d0d9b9f5d71803abd38'),
(238,'eyJhbGciOiJIUzI1NiIsInR5cCI6IkpXVCJ9.eyJ0b2tlbl90eXBlIjoicmVmcmVzaCIsImV4cCI6MTcyMTM5MDI3OSwiaWF0IjoxNzIxMzAzODc5LCJqdGkiOiJkMjEyOTM0MjNjOTE0MzIwODQ1MmU4NDkyNDE3MzgxMSIsInVzZXJfaWQiOjF9.qS7aPsmQv5wXHpb8NZfmYneWVNlgWpJtpK9kPX885mc','2024-07-18 11:57:59.989237','2024-07-19 11:57:59.000000',1,'d21293423c9143208452e84924173811'),
(239,'eyJhbGciOiJIUzI1NiIsInR5cCI6IkpXVCJ9.eyJ0b2tlbl90eXBlIjoicmVmcmVzaCIsImV4cCI6MTcyMTM5MDI4NiwiaWF0IjoxNzIxMzAzODg2LCJqdGkiOiIxMGVlNjI4OTczZmM0YjczOTZkZGU3ZDY1OTAxMWIzMSIsInVzZXJfaWQiOjF9.yLekqy4hRe8GzlAt3H9WkCAPdJd711pGGRfpZ-UyjxQ','2024-07-18 11:58:06.865070','2024-07-19 11:58:06.000000',1,'10ee628973fc4b7396dde7d659011b31'),
(240,'eyJhbGciOiJIUzI1NiIsInR5cCI6IkpXVCJ9.eyJ0b2tlbl90eXBlIjoicmVmcmVzaCIsImV4cCI6MTcyMTQwMDkwNCwiaWF0IjoxNzIxMzE0NTA0LCJqdGkiOiJiMDJlODBjNjA3Y2I0MzMxYjhmMWYzYTc5MzdiNzE3OSIsInVzZXJfaWQiOjF9.yBuTVQmBBkb4uPMa-bB3VwC7J29zAtFfPhKNLsuGI6E','2024-07-18 14:55:04.418578','2024-07-19 14:55:04.000000',1,'b02e80c607cb4331b8f1f3a7937b7179'),
(241,'eyJhbGciOiJIUzI1NiIsInR5cCI6IkpXVCJ9.eyJ0b2tlbl90eXBlIjoicmVmcmVzaCIsImV4cCI6MTcyMTQwMDkxMiwiaWF0IjoxNzIxMzE0NTEyLCJqdGkiOiJkZWRhZTNkZTgzMTQ0YjVhOWFlYjgzOTg1YjNlZTRkNSIsInVzZXJfaWQiOjF9.3phDtrPGZY9AuIl41XVsCX8xiF_HY9oIf5IitFCSrxk','2024-07-18 14:55:12.077013','2024-07-19 14:55:12.000000',1,'dedae3de83144b5a9aeb83985b3ee4d5'),
(242,'eyJhbGciOiJIUzI1NiIsInR5cCI6IkpXVCJ9.eyJ0b2tlbl90eXBlIjoicmVmcmVzaCIsImV4cCI6MTcyMTQwNjE1NywiaWF0IjoxNzIxMzE5NzU3LCJqdGkiOiIxNmJjYmEyMmY4NWY0OTJkOTBjOWNhZDIwZjQ4NDBiYyIsInVzZXJfaWQiOjF9.ePMFZk3fmhOeI75EYeKdplmhZJr_4IKOp4XIHecrp28','2024-07-18 16:22:37.686350','2024-07-19 16:22:37.000000',1,'16bcba22f85f492d90c9cad20f4840bc'),
(243,'eyJhbGciOiJIUzI1NiIsInR5cCI6IkpXVCJ9.eyJ0b2tlbl90eXBlIjoicmVmcmVzaCIsImV4cCI6MTcyMTQwNjE4NywiaWF0IjoxNzIxMzE5Nzg3LCJqdGkiOiIyMmZjMjJlODFlMDA0ZDMxYjk3NDdhY2RjM2YxZmI3ZCIsInVzZXJfaWQiOjF9.-QVckRV23_Co5hJyfqPrmEDHBfqluk4LfQbVMbcn75c','2024-07-18 16:23:07.504662','2024-07-19 16:23:07.000000',1,'22fc22e81e004d31b9747acdc3f1fb7d'),
(244,'eyJhbGciOiJIUzI1NiIsInR5cCI6IkpXVCJ9.eyJ0b2tlbl90eXBlIjoicmVmcmVzaCIsImV4cCI6MTcyMTQwODEzOCwiaWF0IjoxNzIxMzIxNzM4LCJqdGkiOiI2OTk2NjU4NDA4MDI0ZTI1YmEzMGJkYmQwMTFmNDc4MSIsInVzZXJfaWQiOjF9.hasqKn5FSwOV-_tdH_NhFQNRchYCzfXSkcMNeYPhIm8','2024-07-18 16:55:38.482816','2024-07-19 16:55:38.000000',1,'6996658408024e25ba30bdbd011f4781'),
(245,'eyJhbGciOiJIUzI1NiIsInR5cCI6IkpXVCJ9.eyJ0b2tlbl90eXBlIjoicmVmcmVzaCIsImV4cCI6MTcyMTQwODE0OSwiaWF0IjoxNzIxMzIxNzQ5LCJqdGkiOiI0MmMwOGE0ZmQ3ZWE0OWMxYjBkOWQ1MjBiZGI0NmQ5NSIsInVzZXJfaWQiOjF9.Gfv4n31ejHue4braOvFAkGcvbGhUq3B2cTXUd00kokE','2024-07-18 16:55:49.879755','2024-07-19 16:55:49.000000',1,'42c08a4fd7ea49c1b0d9d520bdb46d95'),
(246,'eyJhbGciOiJIUzI1NiIsInR5cCI6IkpXVCJ9.eyJ0b2tlbl90eXBlIjoicmVmcmVzaCIsImV4cCI6MTcyMTQwODIwNiwiaWF0IjoxNzIxMzIxODA2LCJqdGkiOiIzMDcwMWJjMTY4MTM0YjkxOWFkNmE5YmQ5NzdjOGNlMSIsInVzZXJfaWQiOjF9.u4CyU4Ut-E8ZzyZ08onzGndJ1NEroVW3fRHfb_ZVTnw','2024-07-18 16:56:46.347485','2024-07-19 16:56:46.000000',1,'30701bc168134b919ad6a9bd977c8ce1'),
(247,'eyJhbGciOiJIUzI1NiIsInR5cCI6IkpXVCJ9.eyJ0b2tlbl90eXBlIjoicmVmcmVzaCIsImV4cCI6MTcyMTQzMDIzOSwiaWF0IjoxNzIxMzQzODM5LCJqdGkiOiI4N2NiNTY0MjlmMTI0N2IyODc2MTNhMmZkY2MyNjdkNCIsInVzZXJfaWQiOjF9.-o-xR90Rsu4WtgQeK51KPYDMDrfUIV_davYin55GjjU','2024-07-18 23:03:59.815117','2024-07-19 23:03:59.000000',1,'87cb56429f1247b287613a2fdcc267d4'),
(248,'eyJhbGciOiJIUzI1NiIsInR5cCI6IkpXVCJ9.eyJ0b2tlbl90eXBlIjoicmVmcmVzaCIsImV4cCI6MTcyMTQzMDI1MSwiaWF0IjoxNzIxMzQzODUxLCJqdGkiOiI0MjdkMGYzZDNmOGI0NzVlYWJhNGRlYTc4NWE3MGQ2MSIsInVzZXJfaWQiOjF9.0tVHPvmNyPqjBgg0K0avuerQPcRVomgnN6tqxOR9yrM','2024-07-18 23:04:11.772713','2024-07-19 23:04:11.000000',1,'427d0f3d3f8b475eaba4dea785a70d61'),
(249,'eyJhbGciOiJIUzI1NiIsInR5cCI6IkpXVCJ9.eyJ0b2tlbl90eXBlIjoicmVmcmVzaCIsImV4cCI6MTcyMTQzMDQ2MSwiaWF0IjoxNzIxMzQ0MDYxLCJqdGkiOiI5YWI0MGFjN2NiYTc0YWFiOGE3YzJkNWM0OTQxYzRjNyIsInVzZXJfaWQiOjF9.skcMqXvUwdr-oZBiSTpmjB0reeq-XHFxqUettrXGeBc','2024-07-18 23:07:41.553248','2024-07-19 23:07:41.000000',1,'9ab40ac7cba74aab8a7c2d5c4941c4c7'),
(250,'eyJhbGciOiJIUzI1NiIsInR5cCI6IkpXVCJ9.eyJ0b2tlbl90eXBlIjoicmVmcmVzaCIsImV4cCI6MTcyMTQzMTE3OCwiaWF0IjoxNzIxMzQ0Nzc4LCJqdGkiOiJiM2MwMzdkNjgzYTI0OTQ1YmQ0NjI3YmYxYWI5ZjYwOCIsInVzZXJfaWQiOjF9.RlAisMoL_Dr5jqRzut-yS6aVlHhAXpoPKR_XPmZXP_8','2024-07-18 23:19:38.589775','2024-07-19 23:19:38.000000',1,'b3c037d683a24945bd4627bf1ab9f608'),
(251,'eyJhbGciOiJIUzI1NiIsInR5cCI6IkpXVCJ9.eyJ0b2tlbl90eXBlIjoicmVmcmVzaCIsImV4cCI6MTcyMTQ0NTE1NiwiaWF0IjoxNzIxMzU4NzU2LCJqdGkiOiI3OGRhYTQ2M2U4Y2E0NmRlYmUzNmJkYWQ3YzNmNTkxNiIsInVzZXJfaWQiOjF9.uQ1ulMcWcYrAydscrw9wKbeSVisnkd6GG0T3DVZ4c6s','2024-07-19 03:12:36.901723','2024-07-20 03:12:36.000000',1,'78daa463e8ca46debe36bdad7c3f5916'),
(252,'eyJhbGciOiJIUzI1NiIsInR5cCI6IkpXVCJ9.eyJ0b2tlbl90eXBlIjoicmVmcmVzaCIsImV4cCI6MTcyMTQ0NTE2NCwiaWF0IjoxNzIxMzU4NzY0LCJqdGkiOiJjZjJmNTg5ODA4YzI0ZmFiOTdhZmI1ZTk5OGJkNjg3NiIsInVzZXJfaWQiOjF9.ZgpFEXv48FPhdIoiNO7lIJJDCFiIVg9sALlkQLoDLvQ','2024-07-19 03:12:44.890720','2024-07-20 03:12:44.000000',1,'cf2f589808c24fab97afb5e998bd6876'),
(253,'eyJhbGciOiJIUzI1NiIsInR5cCI6IkpXVCJ9.eyJ0b2tlbl90eXBlIjoicmVmcmVzaCIsImV4cCI6MTcyMTQ0NTE4NSwiaWF0IjoxNzIxMzU4Nzg1LCJqdGkiOiJlZTliMWU3NWFjMjE0ZmE4YjY1ODZkN2I3NDk0ZWJhNSIsInVzZXJfaWQiOjF9.9e2JT5zq2ceKTvnWfijoL4-FyErrBfs7DKbVoY79zCs','2024-07-19 03:13:05.457391','2024-07-20 03:13:05.000000',1,'ee9b1e75ac214fa8b6586d7b7494eba5'),
(254,'eyJhbGciOiJIUzI1NiIsInR5cCI6IkpXVCJ9.eyJ0b2tlbl90eXBlIjoicmVmcmVzaCIsImV4cCI6MTcyMTQ0NTIwNiwiaWF0IjoxNzIxMzU4ODA2LCJqdGkiOiJkNmQ5OTMxYThkYmY0MDA3YWNmMjUyNzVkYmMxYWQ2ZiIsInVzZXJfaWQiOjF9.A4stp-cK51Xp0DKmY62jnW6SG4K-K7l-Bh5hanBxD1U','2024-07-19 03:13:26.750460','2024-07-20 03:13:26.000000',1,'d6d9931a8dbf4007acf25275dbc1ad6f'),
(255,'eyJhbGciOiJIUzI1NiIsInR5cCI6IkpXVCJ9.eyJ0b2tlbl90eXBlIjoicmVmcmVzaCIsImV4cCI6MTcyMTQ0NTIyMiwiaWF0IjoxNzIxMzU4ODIyLCJqdGkiOiI3OGQ4NmNmMzI2MmQ0ODNjODE3NzhhMzk0NzNhMDVhNSIsInVzZXJfaWQiOjF9.puqEAe4i42fqv3OMp8eOAs-554XMTN-AKGu6RrDzXrE','2024-07-19 03:13:42.454700','2024-07-20 03:13:42.000000',1,'78d86cf3262d483c81778a39473a05a5'),
(256,'eyJhbGciOiJIUzI1NiIsInR5cCI6IkpXVCJ9.eyJ0b2tlbl90eXBlIjoicmVmcmVzaCIsImV4cCI6MTcyMTQ4MjE0NywiaWF0IjoxNzIxMzk1NzQ3LCJqdGkiOiI4YWFjYzdkODU2ZWM0YzQ2YWQ5MmM5ZGQwNGUwMTNkZCIsInVzZXJfaWQiOjF9.UmBRRP11wUrfm4c53w4oXhtvSmChX-l1WPqtIUFHlCc','2024-07-19 13:29:07.887588','2024-07-20 13:29:07.000000',1,'8aacc7d856ec4c46ad92c9dd04e013dd'),
(257,'eyJhbGciOiJIUzI1NiIsInR5cCI6IkpXVCJ9.eyJ0b2tlbl90eXBlIjoicmVmcmVzaCIsImV4cCI6MTcyMTQ4MjE3OCwiaWF0IjoxNzIxMzk1Nzc4LCJqdGkiOiJlYmQ4OGU3NGE5MzE0ZjE4ODIxNThiYzI2YWEyOTdkMSIsInVzZXJfaWQiOjF9.kp0tY6ICKHvK6O2hHkvOv3sITp9Gk49KOvS5w9wZsaE','2024-07-19 13:29:38.646837','2024-07-20 13:29:38.000000',1,'ebd88e74a9314f1882158bc26aa297d1'),
(258,'eyJhbGciOiJIUzI1NiIsInR5cCI6IkpXVCJ9.eyJ0b2tlbl90eXBlIjoicmVmcmVzaCIsImV4cCI6MTcyMTQ4MjQ1MCwiaWF0IjoxNzIxMzk2MDUwLCJqdGkiOiI2NDBjODNjYjA3NzA0ZjczOGMzMTYxMzA5MDU1YjFlYSIsInVzZXJfaWQiOjF9.XOXZagITYP4jp-rfqRh_EH3vb7C_bOpWKasyUV5ZF5k','2024-07-19 13:34:10.397675','2024-07-20 13:34:10.000000',1,'640c83cb07704f738c3161309055b1ea'),
(259,'eyJhbGciOiJIUzI1NiIsInR5cCI6IkpXVCJ9.eyJ0b2tlbl90eXBlIjoicmVmcmVzaCIsImV4cCI6MTcyMTQ4MjQ1NywiaWF0IjoxNzIxMzk2MDU3LCJqdGkiOiI0MmExNDFmOTEwZDQ0NTAxOWQyYmFhYTUzZWM2OWIzNiIsInVzZXJfaWQiOjF9.u_UJ6K0XCgkPDlfAxQHOxn2ZYYreNHysUrPMmB67SlQ','2024-07-19 13:34:17.586955','2024-07-20 13:34:17.000000',1,'42a141f910d445019d2baaa53ec69b36'),
(260,'eyJhbGciOiJIUzI1NiIsInR5cCI6IkpXVCJ9.eyJ0b2tlbl90eXBlIjoicmVmcmVzaCIsImV4cCI6MTcyMTQ4MjQ3MywiaWF0IjoxNzIxMzk2MDczLCJqdGkiOiI2ZGU5ZTBiMmE3NzU0ZjBhOTk5ODQ4YmZkMzlhNmIxZiIsInVzZXJfaWQiOjF9.6vbP4NZrm5omNNBjFoPyD4fM1bQkkP9wyz3MZ3C8opU','2024-07-19 13:34:33.934798','2024-07-20 13:34:33.000000',1,'6de9e0b2a7754f0a999848bfd39a6b1f'),
(261,'eyJhbGciOiJIUzI1NiIsInR5cCI6IkpXVCJ9.eyJ0b2tlbl90eXBlIjoicmVmcmVzaCIsImV4cCI6MTcyMTQ4MjY0MywiaWF0IjoxNzIxMzk2MjQzLCJqdGkiOiI3YmM4OWY3ODk2ZmM0ZTlkYThiODAxNGQ5YzBkNzE0NSIsInVzZXJfaWQiOjF9.rFHFW7kqPPczac4XI7WOuGM_slcXspn88ja_vF9D93c','2024-07-19 13:37:23.156317','2024-07-20 13:37:23.000000',1,'7bc89f7896fc4e9da8b8014d9c0d7145'),
(262,'eyJhbGciOiJIUzI1NiIsInR5cCI6IkpXVCJ9.eyJ0b2tlbl90eXBlIjoicmVmcmVzaCIsImV4cCI6MTcyMTQ4MjY0OCwiaWF0IjoxNzIxMzk2MjQ4LCJqdGkiOiI1MjcxMWFlNGQ3ZjA0MDhkOTkxNDk1MDQ1NWJjYTkzYSIsInVzZXJfaWQiOjF9.vMVJvSdi30TgpU-l_nEqWxD5K9ZoMroQ2xXFC6I2N5Q','2024-07-19 13:37:28.504899','2024-07-20 13:37:28.000000',1,'52711ae4d7f0408d9914950455bca93a'),
(263,'eyJhbGciOiJIUzI1NiIsInR5cCI6IkpXVCJ9.eyJ0b2tlbl90eXBlIjoicmVmcmVzaCIsImV4cCI6MTcyMTQ4MjY2MywiaWF0IjoxNzIxMzk2MjYzLCJqdGkiOiI1M2MyYjE2MzRjOTU0NTJlOWU1OTBiMTI1N2E1M2Y5NCIsInVzZXJfaWQiOjF9.FCzAi2sI811mNfDWrYiAhpXuMP45Bl8e4JTv9XMAHh8','2024-07-19 13:37:43.872372','2024-07-20 13:37:43.000000',1,'53c2b1634c95452e9e590b1257a53f94'),
(264,'eyJhbGciOiJIUzI1NiIsInR5cCI6IkpXVCJ9.eyJ0b2tlbl90eXBlIjoicmVmcmVzaCIsImV4cCI6MTcyMTQ4NTYwMCwiaWF0IjoxNzIxMzk5MjAwLCJqdGkiOiIyOTk1MjIzNzMwYTM0YzdkOGE2OTA0NjUwOGQ2YjU1MCIsInVzZXJfaWQiOjF9.Np12v4QqAzIQv5gePNdpiruJPwAkduD2wE3amsttd_4','2024-07-19 14:26:40.739107','2024-07-20 14:26:40.000000',1,'2995223730a34c7d8a69046508d6b550'),
(265,'eyJhbGciOiJIUzI1NiIsInR5cCI6IkpXVCJ9.eyJ0b2tlbl90eXBlIjoicmVmcmVzaCIsImV4cCI6MTcyMTQ4NTYxMiwiaWF0IjoxNzIxMzk5MjEyLCJqdGkiOiIyOGRmZjM0NTVjNDg0ODkyOTc0NDMxMTVjOWFhOGJjNyIsInVzZXJfaWQiOjF9.ph42nxnnL0kqJMDb4epS6cXKae-7zNw3dZuxGQMDCTs','2024-07-19 14:26:52.747551','2024-07-20 14:26:52.000000',1,'28dff3455c48489297443115c9aa8bc7'),
(266,'eyJhbGciOiJIUzI1NiIsInR5cCI6IkpXVCJ9.eyJ0b2tlbl90eXBlIjoicmVmcmVzaCIsImV4cCI6MTcyMTQ4NjcwNywiaWF0IjoxNzIxNDAwMzA3LCJqdGkiOiI0YzM3ZTBjN2E3ZmI0Yjk1ODNjZmE3NjdhYzNjNThkNiIsInVzZXJfaWQiOjF9.vVpOeNN1v-1_jyFCus8V8Ja9NdPcdokYma_6H8aBPYI','2024-07-19 14:45:07.443880','2024-07-20 14:45:07.000000',1,'4c37e0c7a7fb4b9583cfa767ac3c58d6'),
(267,'eyJhbGciOiJIUzI1NiIsInR5cCI6IkpXVCJ9.eyJ0b2tlbl90eXBlIjoicmVmcmVzaCIsImV4cCI6MTcyMTQ4NjcxMCwiaWF0IjoxNzIxNDAwMzEwLCJqdGkiOiI0NmJiNDIwNDk0MDU0Y2Y2YjIxYzAwM2ZlMTMxMDgzYSIsInVzZXJfaWQiOjF9.oQ-K_EUFjLDD0Y6f6F0YfU1_pEeibo03OhO2l68g7Xg','2024-07-19 14:45:10.695379','2024-07-20 14:45:10.000000',1,'46bb420494054cf6b21c003fe131083a'),
(268,'eyJhbGciOiJIUzI1NiIsInR5cCI6IkpXVCJ9.eyJ0b2tlbl90eXBlIjoicmVmcmVzaCIsImV4cCI6MTcyMTQ4NzAxNiwiaWF0IjoxNzIxNDAwNjE2LCJqdGkiOiIzZWM2ODgxMzc3NWE0YTY2ODFjNjA4NWYwNDg4ZjlmZSIsInVzZXJfaWQiOjF9.Zx0Eto8qp2AeUg-ikmzgDBKARRu0YAfof1EOSPMw9tQ','2024-07-19 14:50:16.448736','2024-07-20 14:50:16.000000',1,'3ec68813775a4a6681c6085f0488f9fe'),
(269,'eyJhbGciOiJIUzI1NiIsInR5cCI6IkpXVCJ9.eyJ0b2tlbl90eXBlIjoicmVmcmVzaCIsImV4cCI6MTcyMTQ4NzA2NSwiaWF0IjoxNzIxNDAwNjY1LCJqdGkiOiIyNDQ1ODQzMGUyYzU0ZDIzYmE5MmI5OTBkYTdmOThlMSIsInVzZXJfaWQiOjF9.M5iSqxX2ap-vltFZaG2wjUyXPQH2NCzZQB5_DYvfCvg','2024-07-19 14:51:05.050255','2024-07-20 14:51:05.000000',1,'24458430e2c54d23ba92b990da7f98e1'),
(270,'eyJhbGciOiJIUzI1NiIsInR5cCI6IkpXVCJ9.eyJ0b2tlbl90eXBlIjoicmVmcmVzaCIsImV4cCI6MTcyMTQ5NjMxNCwiaWF0IjoxNzIxNDA5OTE0LCJqdGkiOiJiN2NjOGU2NDE2MGM0NDQ3OWQxYzEzMTYxYjJhY2E4NyIsInVzZXJfaWQiOjF9.gROX92GBDFNP1ZAQiA104O3cezfBMc4o-6pQzb0Dp2E','2024-07-19 17:25:14.006191','2024-07-20 17:25:14.000000',1,'b7cc8e64160c44479d1c13161b2aca87'),
(271,'eyJhbGciOiJIUzI1NiIsInR5cCI6IkpXVCJ9.eyJ0b2tlbl90eXBlIjoicmVmcmVzaCIsImV4cCI6MTcyMTQ5NjMyNCwiaWF0IjoxNzIxNDA5OTI0LCJqdGkiOiI5MmYzYzZkNWZmNjY0ZGEzOTM3MzRlNjU0YWI4N2FmOCIsInVzZXJfaWQiOjF9.0pQZkUNR7-bTfIKsCoV0wwHG4luD8f-Ozm2SjyGOuIk','2024-07-19 17:25:24.527504','2024-07-20 17:25:24.000000',1,'92f3c6d5ff664da393734e654ab87af8'),
(272,'eyJhbGciOiJIUzI1NiIsInR5cCI6IkpXVCJ9.eyJ0b2tlbl90eXBlIjoicmVmcmVzaCIsImV4cCI6MTcyMTU0ODgyNiwiaWF0IjoxNzIxNDYyNDI2LCJqdGkiOiJmOWNkZjQ4OTNjNTc0NTUyOWEyZmI2NWNjZjVhMmZmMSIsInVzZXJfaWQiOjF9.twtbs899n_7hVFtgUq31pyn7seLcwCV6qvZwWd_XrYE','2024-07-20 08:00:26.193670','2024-07-21 08:00:26.000000',1,'f9cdf4893c5745529a2fb65ccf5a2ff1'),
(273,'eyJhbGciOiJIUzI1NiIsInR5cCI6IkpXVCJ9.eyJ0b2tlbl90eXBlIjoicmVmcmVzaCIsImV4cCI6MTcyMTU0ODgzNCwiaWF0IjoxNzIxNDYyNDM0LCJqdGkiOiIzYmI3MDRmNzkyMTM0ODY5YjllMDZkYzJmZGJmYjY0YSIsInVzZXJfaWQiOjF9.QiZkpH8iAaTMhyVZYqQCrORLF_favpGvzWI5_PvcKF0','2024-07-20 08:00:34.089266','2024-07-21 08:00:34.000000',1,'3bb704f792134869b9e06dc2fdbfb64a'),
(274,'eyJhbGciOiJIUzI1NiIsInR5cCI6IkpXVCJ9.eyJ0b2tlbl90eXBlIjoicmVmcmVzaCIsImV4cCI6MTcyMTU0ODg0MSwiaWF0IjoxNzIxNDYyNDQxLCJqdGkiOiI1ODMwMGVlMDY5YTk0NzU3YjUzMTVhMjc3NDE1ZDI3YyIsInVzZXJfaWQiOjF9.w-LDwlTFO2UfZOglASuBS3rdDjFHneJDuT-gXtbnPm0','2024-07-20 08:00:41.114286','2024-07-21 08:00:41.000000',1,'58300ee069a94757b5315a277415d27c'),
(275,'eyJhbGciOiJIUzI1NiIsInR5cCI6IkpXVCJ9.eyJ0b2tlbl90eXBlIjoicmVmcmVzaCIsImV4cCI6MTcyMTU0ODg1MywiaWF0IjoxNzIxNDYyNDUzLCJqdGkiOiI3Mzc5MGVhYWE3Yjk0YzQxYWRmNTZjNGI3ZWVkMTI0MCIsInVzZXJfaWQiOjF9.Tq7TxNFoj72iwAdqYJ85M_CM2Rutx_g-RVYwacbidH8','2024-07-20 08:00:53.424988','2024-07-21 08:00:53.000000',1,'73790eaaa7b94c41adf56c4b7eed1240'),
(276,'eyJhbGciOiJIUzI1NiIsInR5cCI6IkpXVCJ9.eyJ0b2tlbl90eXBlIjoicmVmcmVzaCIsImV4cCI6MTcyMTU0ODk4NCwiaWF0IjoxNzIxNDYyNTg0LCJqdGkiOiIzYTU3YWM0ODFjNDE0MmQzYmFiMjBhMTgzZjU1MzE0MSIsInVzZXJfaWQiOjF9.hhyLzm3BHsidvarNxvQ5cQpdCOUrFc37mvikYdtT0R4','2024-07-20 08:03:04.474819','2024-07-21 08:03:04.000000',1,'3a57ac481c4142d3bab20a183f553141'),
(277,'eyJhbGciOiJIUzI1NiIsInR5cCI6IkpXVCJ9.eyJ0b2tlbl90eXBlIjoicmVmcmVzaCIsImV4cCI6MTcyMTU0ODk5NSwiaWF0IjoxNzIxNDYyNTk1LCJqdGkiOiI3NDEzZTEyNGVjYWQ0MGE0OTgxMDgxMmU4ZTc4YzRhZCIsInVzZXJfaWQiOjF9.aFjv8hSacRTExY_DGo63_YiWz7-kqSY-EvXhyspIKFw','2024-07-20 08:03:15.963226','2024-07-21 08:03:15.000000',1,'7413e124ecad40a49810812e8e78c4ad'),
(278,'eyJhbGciOiJIUzI1NiIsInR5cCI6IkpXVCJ9.eyJ0b2tlbl90eXBlIjoicmVmcmVzaCIsImV4cCI6MTcyMTU0OTAxMCwiaWF0IjoxNzIxNDYyNjEwLCJqdGkiOiI5YjNiNDA3MDRjZTI0MjA2YmFhYTMxNTY5M2Y5N2YyZSIsInVzZXJfaWQiOjF9.oEXFc5M__qTZqtu0QQam95_4iP0JmMqISbzsTBcf6tg','2024-07-20 08:03:30.806828','2024-07-21 08:03:30.000000',1,'9b3b40704ce24206baaa315693f97f2e'),
(279,'eyJhbGciOiJIUzI1NiIsInR5cCI6IkpXVCJ9.eyJ0b2tlbl90eXBlIjoicmVmcmVzaCIsImV4cCI6MTcyMTU0OTAxNywiaWF0IjoxNzIxNDYyNjE3LCJqdGkiOiI1M2FjZTE3YmJjNDA0ZDVlYmM4MzBiMTJhYzZmNTcxOSIsInVzZXJfaWQiOjF9.jziFgTNDVAplGZpLlYPF45c7ePuh15KCYMpHvCbusMo','2024-07-20 08:03:37.894665','2024-07-21 08:03:37.000000',1,'53ace17bbc404d5ebc830b12ac6f5719'),
(280,'eyJhbGciOiJIUzI1NiIsInR5cCI6IkpXVCJ9.eyJ0b2tlbl90eXBlIjoicmVmcmVzaCIsImV4cCI6MTcyMTU0OTE2MCwiaWF0IjoxNzIxNDYyNzYwLCJqdGkiOiIxNTZmYWQ2OTkxMTQ0NDMyYjc1ZGNiZTk3Y2I1NmM1ZiIsInVzZXJfaWQiOjF9.CfXTSPrCtv6gu1BhoS3w3RnH3YrzHMFxvalm_CxxhSU','2024-07-20 08:06:00.149939','2024-07-21 08:06:00.000000',1,'156fad6991144432b75dcbe97cb56c5f'),
(281,'eyJhbGciOiJIUzI1NiIsInR5cCI6IkpXVCJ9.eyJ0b2tlbl90eXBlIjoicmVmcmVzaCIsImV4cCI6MTcyMTU0OTE2MywiaWF0IjoxNzIxNDYyNzYzLCJqdGkiOiJmZTQ0MzRhOTNiZDk0NDBiOTFlMWY1ZjAxMjVjOGUxMiIsInVzZXJfaWQiOjF9.9FszckM4CB1Ii45KnlpGOAdUA9-RF30QAYmATYWMzvk','2024-07-20 08:06:03.619943','2024-07-21 08:06:03.000000',1,'fe4434a93bd9440b91e1f5f0125c8e12'),
(282,'eyJhbGciOiJIUzI1NiIsInR5cCI6IkpXVCJ9.eyJ0b2tlbl90eXBlIjoicmVmcmVzaCIsImV4cCI6MTcyMTU0OTE2NiwiaWF0IjoxNzIxNDYyNzY2LCJqdGkiOiI1NTY0OWMzNjc0Nzk0ZGUyYTBmZmUwODRlMjEyZTFkMSIsInVzZXJfaWQiOjF9.O_7PoN2ArNvzxbizijwgjy2orPHipMD3SLDqJq5bCes','2024-07-20 08:06:06.258841','2024-07-21 08:06:06.000000',1,'55649c3674794de2a0ffe084e212e1d1'),
(283,'eyJhbGciOiJIUzI1NiIsInR5cCI6IkpXVCJ9.eyJ0b2tlbl90eXBlIjoicmVmcmVzaCIsImV4cCI6MTcyMTU0OTE5NCwiaWF0IjoxNzIxNDYyNzk0LCJqdGkiOiJmNzAyMDMwZTIzNGE0N2NmYjdlMDc1ZWQ1MTU0Yjg0YyIsInVzZXJfaWQiOjF9.gydTSb9EOmw67-8eaIEL1yWmO9A82IweGLTon_0iKAs','2024-07-20 08:06:34.766699','2024-07-21 08:06:34.000000',1,'f702030e234a47cfb7e075ed5154b84c'),
(284,'eyJhbGciOiJIUzI1NiIsInR5cCI6IkpXVCJ9.eyJ0b2tlbl90eXBlIjoicmVmcmVzaCIsImV4cCI6MTcyMTU0OTE5NywiaWF0IjoxNzIxNDYyNzk3LCJqdGkiOiJkNWIwZDBmZjVlNTI0ZWQwOTQxY2VkYWM1Y2EzZTE4ZSIsInVzZXJfaWQiOjF9.u1cp_aMND8DiNLF5WYHzVGbCkYwWdPegFe99Z4FOyuc','2024-07-20 08:06:37.572996','2024-07-21 08:06:37.000000',1,'d5b0d0ff5e524ed0941cedac5ca3e18e'),
(285,'eyJhbGciOiJIUzI1NiIsInR5cCI6IkpXVCJ9.eyJ0b2tlbl90eXBlIjoicmVmcmVzaCIsImV4cCI6MTcyMTU0OTIwMCwiaWF0IjoxNzIxNDYyODAwLCJqdGkiOiI5OTljODYyNGU3YmI0MjhhYjgzNWQ1MjE3NTUzYjNkNyIsInVzZXJfaWQiOjF9.B1FXvlKKz5p_asISGzliUuAor6RTzpMTlt-tMUcI1T4','2024-07-20 08:06:40.214727','2024-07-21 08:06:40.000000',1,'999c8624e7bb428ab835d5217553b3d7'),
(286,'eyJhbGciOiJIUzI1NiIsInR5cCI6IkpXVCJ9.eyJ0b2tlbl90eXBlIjoicmVmcmVzaCIsImV4cCI6MTcyMTU0OTIwMSwiaWF0IjoxNzIxNDYyODAxLCJqdGkiOiIwNmY0ZTI1MzhiNDY0MTRkOTE1ZmFmNzIxYmQyNzAxMSIsInVzZXJfaWQiOjF9.v5RcpWewQt7_C2NRESxMEm7ddpqRxeNozUG3eHY8pMY','2024-07-20 08:06:41.948082','2024-07-21 08:06:41.000000',1,'06f4e2538b46414d915faf721bd27011'),
(287,'eyJhbGciOiJIUzI1NiIsInR5cCI6IkpXVCJ9.eyJ0b2tlbl90eXBlIjoicmVmcmVzaCIsImV4cCI6MTcyMTU0OTIwOSwiaWF0IjoxNzIxNDYyODA5LCJqdGkiOiJhMGY0NTk2MzEwYjI0MjYyOTU3YzY0YjlhODYwYzBlZSIsInVzZXJfaWQiOjF9.97Q5p9kE2MEoZlDmVGcby0h2IJMZOsaXAsMLF2d5ZlQ','2024-07-20 08:06:49.079094','2024-07-21 08:06:49.000000',1,'a0f4596310b24262957c64b9a860c0ee'),
(288,'eyJhbGciOiJIUzI1NiIsInR5cCI6IkpXVCJ9.eyJ0b2tlbl90eXBlIjoicmVmcmVzaCIsImV4cCI6MTcyMTU0OTM1NiwiaWF0IjoxNzIxNDYyOTU2LCJqdGkiOiJlMDA3NjlhYjQ2ZmQ0ZDY4OTk5MmY0YTBlNGJhYzZkOSIsInVzZXJfaWQiOjF9.SwRFIZGSJUy2OuUEb40Veiyf-wfPU7ox30cHnN1RXXY','2024-07-20 08:09:16.375091','2024-07-21 08:09:16.000000',1,'e00769ab46fd4d689992f4a0e4bac6d9'),
(289,'eyJhbGciOiJIUzI1NiIsInR5cCI6IkpXVCJ9.eyJ0b2tlbl90eXBlIjoicmVmcmVzaCIsImV4cCI6MTcyMTU0OTM3OCwiaWF0IjoxNzIxNDYyOTc4LCJqdGkiOiIxYjJlZmVjNDUwZWU0NWZkOTk3Y2UyOTdhODg0MTNhYSIsInVzZXJfaWQiOjF9.ejH3aeusupjDwC3w3pTGVTNhvG_LbD6NlwZu3zCyGyA','2024-07-20 08:09:38.788762','2024-07-21 08:09:38.000000',1,'1b2efec450ee45fd997ce297a88413aa'),
(290,'eyJhbGciOiJIUzI1NiIsInR5cCI6IkpXVCJ9.eyJ0b2tlbl90eXBlIjoicmVmcmVzaCIsImV4cCI6MTcyMTU0OTM4OCwiaWF0IjoxNzIxNDYyOTg4LCJqdGkiOiIyYTY4Mjg5NzA3NTM0MDM4YTM4ZDE3MzU5Y2E3NDYzZCIsInVzZXJfaWQiOjF9.Sje0XLhaLOsw0kNoVyAGSf82IyPnwNHvlRE8AvlCcZ0','2024-07-20 08:09:48.049843','2024-07-21 08:09:48.000000',1,'2a68289707534038a38d17359ca7463d'),
(291,'eyJhbGciOiJIUzI1NiIsInR5cCI6IkpXVCJ9.eyJ0b2tlbl90eXBlIjoicmVmcmVzaCIsImV4cCI6MTcyMTU0OTQ1NiwiaWF0IjoxNzIxNDYzMDU2LCJqdGkiOiJhYjU2ZWFhNzVmNjM0ZTQ3OWQ4NjkzYTkzYWYzOWM0ZiIsInVzZXJfaWQiOjF9.gozOZkU8fZXu1Vsld1zuijBwiTpxUrOABQnwAProQ_E','2024-07-20 08:10:56.641856','2024-07-21 08:10:56.000000',1,'ab56eaa75f634e479d8693a93af39c4f'),
(292,'eyJhbGciOiJIUzI1NiIsInR5cCI6IkpXVCJ9.eyJ0b2tlbl90eXBlIjoicmVmcmVzaCIsImV4cCI6MTcyMTU0OTQ1OSwiaWF0IjoxNzIxNDYzMDU5LCJqdGkiOiJkYzZkZTQyMDRkNTc0N2VkYWY5NzRmNjFiNDU5NjBhYyIsInVzZXJfaWQiOjF9.3cXJrY3aGLl-lpMoI4_renkvycgOkN3aMofKbLhhxL0','2024-07-20 08:10:59.623663','2024-07-21 08:10:59.000000',1,'dc6de4204d5747edaf974f61b45960ac'),
(293,'eyJhbGciOiJIUzI1NiIsInR5cCI6IkpXVCJ9.eyJ0b2tlbl90eXBlIjoicmVmcmVzaCIsImV4cCI6MTcyMTU0OTg4NCwiaWF0IjoxNzIxNDYzNDg0LCJqdGkiOiJiOTI1NWY5MDY2M2I0ZjUwYjA4ZGM2YTdiMjUyMDNiZCIsInVzZXJfaWQiOjF9.qbFX2YwrtE5RHRjDfuIH2l66ASRGd6M60LzU8xgFcbo','2024-07-20 08:18:04.293809','2024-07-21 08:18:04.000000',1,'b9255f90663b4f50b08dc6a7b25203bd'),
(294,'eyJhbGciOiJIUzI1NiIsInR5cCI6IkpXVCJ9.eyJ0b2tlbl90eXBlIjoicmVmcmVzaCIsImV4cCI6MTcyMTU0OTg4OCwiaWF0IjoxNzIxNDYzNDg4LCJqdGkiOiJiYjA0ZWFjY2E0NGE0M2YzOGYwZGZhZDk2YjBjM2Y1ZSIsInVzZXJfaWQiOjF9.iHRlVU2pU6cUznAX753SF62n9SI_GSfLVroNKB7-fzA','2024-07-20 08:18:08.400887','2024-07-21 08:18:08.000000',1,'bb04eacca44a43f38f0dfad96b0c3f5e'),
(295,'eyJhbGciOiJIUzI1NiIsInR5cCI6IkpXVCJ9.eyJ0b2tlbl90eXBlIjoicmVmcmVzaCIsImV4cCI6MTcyMTU1MDE5MCwiaWF0IjoxNzIxNDYzNzkwLCJqdGkiOiI4ZjhlMDQ3MDg3NzE0NGNmOTBiZjY4OTI1MGU3OTUwMiIsInVzZXJfaWQiOjF9.yCsYtmpjDDKi3epPCobgj5JvNhZ4FZ4DgaYbdEC9dKA','2024-07-20 08:23:10.854692','2024-07-21 08:23:10.000000',1,'8f8e0470877144cf90bf689250e79502'),
(296,'eyJhbGciOiJIUzI1NiIsInR5cCI6IkpXVCJ9.eyJ0b2tlbl90eXBlIjoicmVmcmVzaCIsImV4cCI6MTcyMTU1MDE5MywiaWF0IjoxNzIxNDYzNzkzLCJqdGkiOiJmYmJmMTRiOGMwMTg0YTQ5YWE0N2NjMTUyZjg3ZmYwMCIsInVzZXJfaWQiOjF9.FeMNjxY2OT1PbdDomYC-gNkQe3XDh3w48UhikSYaHOU','2024-07-20 08:23:13.764671','2024-07-21 08:23:13.000000',1,'fbbf14b8c0184a49aa47cc152f87ff00'),
(297,'eyJhbGciOiJIUzI1NiIsInR5cCI6IkpXVCJ9.eyJ0b2tlbl90eXBlIjoicmVmcmVzaCIsImV4cCI6MTcyMTU1MDIwOSwiaWF0IjoxNzIxNDYzODA5LCJqdGkiOiI3MWU0NmE2ZWQ5YTE0YTk2YjI4NDYxYmRjNDMxNTgxYSIsInVzZXJfaWQiOjF9.z_Aq-dq8gVqU1n64cEFrjgYEFyd-Y65L7bZ6K9Rk5XI','2024-07-20 08:23:29.896120','2024-07-21 08:23:29.000000',1,'71e46a6ed9a14a96b28461bdc431581a'),
(298,'eyJhbGciOiJIUzI1NiIsInR5cCI6IkpXVCJ9.eyJ0b2tlbl90eXBlIjoicmVmcmVzaCIsImV4cCI6MTcyMTU1MDMxNSwiaWF0IjoxNzIxNDYzOTE1LCJqdGkiOiI5NDY4N2RjZjU4OTU0YWMyOTkzMzAyODM1NDAxYjQ4MSIsInVzZXJfaWQiOjF9.1b2paT6bfe-Yxsu6BKvMsiuPRT3wlJbc9PeD4Tnmul8','2024-07-20 08:25:15.505051','2024-07-21 08:25:15.000000',1,'94687dcf58954ac2993302835401b481'),
(299,'eyJhbGciOiJIUzI1NiIsInR5cCI6IkpXVCJ9.eyJ0b2tlbl90eXBlIjoicmVmcmVzaCIsImV4cCI6MTcyMTU1MDM0NSwiaWF0IjoxNzIxNDYzOTQ1LCJqdGkiOiJmZGVhNjVlMDAwMjY0YmZjYjI3ZDAzNzFhNmM2NzExMSIsInVzZXJfaWQiOjF9.X9WwlfInjkYtNHqyCwcHr5ey_xvFlGj_lDKIEBVexAc','2024-07-20 08:25:45.912833','2024-07-21 08:25:45.000000',1,'fdea65e000264bfcb27d0371a6c67111'),
(300,'eyJhbGciOiJIUzI1NiIsInR5cCI6IkpXVCJ9.eyJ0b2tlbl90eXBlIjoicmVmcmVzaCIsImV4cCI6MTcyMTU1MDM3MCwiaWF0IjoxNzIxNDYzOTcwLCJqdGkiOiI4ZDAyY2UyMjA3ZDc0OWQyOTBhODdmZDU5ZjJhYzg4NiIsInVzZXJfaWQiOjF9.dOAAKbIdwfUUzMvOd98HumiMD02LM_Fl2xu4t5srRhQ','2024-07-20 08:26:10.645512','2024-07-21 08:26:10.000000',1,'8d02ce2207d749d290a87fd59f2ac886'),
(301,'eyJhbGciOiJIUzI1NiIsInR5cCI6IkpXVCJ9.eyJ0b2tlbl90eXBlIjoicmVmcmVzaCIsImV4cCI6MTcyMTU1MDQwNiwiaWF0IjoxNzIxNDY0MDA2LCJqdGkiOiJjMTY3ZTEwZjQ0ZDI0M2MyOTAxN2NhYjI0NDkwNjZmMCIsInVzZXJfaWQiOjF9.W-D5d8855AfjrLtFoVv2pyfOT4O6OxSNMEaOThtbsAI','2024-07-20 08:26:46.533471','2024-07-21 08:26:46.000000',1,'c167e10f44d243c29017cab2449066f0'),
(302,'eyJhbGciOiJIUzI1NiIsInR5cCI6IkpXVCJ9.eyJ0b2tlbl90eXBlIjoicmVmcmVzaCIsImV4cCI6MTcyMTU1MDQxOCwiaWF0IjoxNzIxNDY0MDE4LCJqdGkiOiIzY2MyZDJmMzAzOTg0ZmRjYTk4YzA1ZWUwYzRiYjNmNCIsInVzZXJfaWQiOjF9.fvwKpPVOcRDmrhhNYb97AYlR1rCpqXZ1-xvcmgN39Eg','2024-07-20 08:26:58.859410','2024-07-21 08:26:58.000000',1,'3cc2d2f303984fdca98c05ee0c4bb3f4'),
(303,'eyJhbGciOiJIUzI1NiIsInR5cCI6IkpXVCJ9.eyJ0b2tlbl90eXBlIjoicmVmcmVzaCIsImV4cCI6MTcyMTU1MDY3MywiaWF0IjoxNzIxNDY0MjczLCJqdGkiOiIxMTRhZGZhMTU4NmU0YzhmOTMzZjZkNmNlNGUxNjM5NiIsInVzZXJfaWQiOjF9.36Uf8s_sD6a3jTKjpGXKRSgesS0CRrvPlohVWRv_37M','2024-07-20 08:31:13.715108','2024-07-21 08:31:13.000000',1,'114adfa1586e4c8f933f6d6ce4e16396'),
(304,'eyJhbGciOiJIUzI1NiIsInR5cCI6IkpXVCJ9.eyJ0b2tlbl90eXBlIjoicmVmcmVzaCIsImV4cCI6MTcyMTU1MDY5MiwiaWF0IjoxNzIxNDY0MjkyLCJqdGkiOiI5NmY3M2M1ZjM4MmU0NjQyYjcwMDJmMDA0NjMyMDE2NyIsInVzZXJfaWQiOjF9.3hngJQJkHty52dya_FRxo894UD7h0NEDyWYGnGf1fZk','2024-07-20 08:31:32.686670','2024-07-21 08:31:32.000000',1,'96f73c5f382e4642b7002f0046320167'),
(305,'eyJhbGciOiJIUzI1NiIsInR5cCI6IkpXVCJ9.eyJ0b2tlbl90eXBlIjoicmVmcmVzaCIsImV4cCI6MTcyMTU1MDcwNCwiaWF0IjoxNzIxNDY0MzA0LCJqdGkiOiJkYzYzNmU5ZmU1OTk0ZWFkYTkwNjhjNmQ1Mjk1OTZlNiIsInVzZXJfaWQiOjF9.J2RnI5SjKt4XRupppjFciib5CvC9wVVv6vb-B8scUZk','2024-07-20 08:31:44.897896','2024-07-21 08:31:44.000000',1,'dc636e9fe5994eada9068c6d529596e6'),
(306,'eyJhbGciOiJIUzI1NiIsInR5cCI6IkpXVCJ9.eyJ0b2tlbl90eXBlIjoicmVmcmVzaCIsImV4cCI6MTcyMTU1MDg5NiwiaWF0IjoxNzIxNDY0NDk2LCJqdGkiOiJhZWUxYzg4MzRlYzI0ZTBkOTdjZDg0ZTYyNGQwNzI1MiIsInVzZXJfaWQiOjF9.Z-L6I03BY5jrlCsJTrovabBe9G7ErTHMFGEFzHAPDa0','2024-07-20 08:34:56.663605','2024-07-21 08:34:56.000000',1,'aee1c8834ec24e0d97cd84e624d07252'),
(307,'eyJhbGciOiJIUzI1NiIsInR5cCI6IkpXVCJ9.eyJ0b2tlbl90eXBlIjoicmVmcmVzaCIsImV4cCI6MTcyMTU1MTI4NCwiaWF0IjoxNzIxNDY0ODg0LCJqdGkiOiI3OTBjNjI4NTZiOGU0N2M3YjA0Y2E5ZDBlN2QyZjFlYyIsInVzZXJfaWQiOjF9.dCoI19JBNJC8jjKQ-LwDN4WzF3PkrnlQRzT-gfOe5Fo','2024-07-20 08:41:24.947540','2024-07-21 08:41:24.000000',1,'790c62856b8e47c7b04ca9d0e7d2f1ec'),
(308,'eyJhbGciOiJIUzI1NiIsInR5cCI6IkpXVCJ9.eyJ0b2tlbl90eXBlIjoicmVmcmVzaCIsImV4cCI6MTcyMTU1MTI5MiwiaWF0IjoxNzIxNDY0ODkyLCJqdGkiOiI3MDQzMTdhYjYyNzQ0ZjIxOGZkOTI0NjFkMTJjYjRlMSIsInVzZXJfaWQiOjF9.1MVlZBUfejwqPgUQXtaX_in8LukF2-4hb5cgaZwzR7s','2024-07-20 08:41:32.929923','2024-07-21 08:41:32.000000',1,'704317ab62744f218fd92461d12cb4e1'),
(309,'eyJhbGciOiJIUzI1NiIsInR5cCI6IkpXVCJ9.eyJ0b2tlbl90eXBlIjoicmVmcmVzaCIsImV4cCI6MTcyMTU1MTM2MSwiaWF0IjoxNzIxNDY0OTYxLCJqdGkiOiJiOGM2MjFlYjkyZGM0NGViYTkwZGJkOTE5MGI1YTYxNyIsInVzZXJfaWQiOjF9.Josg42TeDVuCpX1XGigrwOs_rPh6CSDGte1Jw4_UJGQ','2024-07-20 08:42:41.599209','2024-07-21 08:42:41.000000',1,'b8c621eb92dc44eba90dbd9190b5a617'),
(310,'eyJhbGciOiJIUzI1NiIsInR5cCI6IkpXVCJ9.eyJ0b2tlbl90eXBlIjoicmVmcmVzaCIsImV4cCI6MTcyMTU1MTM5MiwiaWF0IjoxNzIxNDY0OTkyLCJqdGkiOiI1ZTc5ZmY3MjgxMmE0ZjZmYWM1ZmM4MzU3YTZmNDcyMSIsInVzZXJfaWQiOjF9.v-Npbku6Ru6cKmwdeup-5o2acxqOh9fkxWmlA4DYQWA','2024-07-20 08:43:12.099110','2024-07-21 08:43:12.000000',1,'5e79ff72812a4f6fac5fc8357a6f4721'),
(311,'eyJhbGciOiJIUzI1NiIsInR5cCI6IkpXVCJ9.eyJ0b2tlbl90eXBlIjoicmVmcmVzaCIsImV4cCI6MTcyMTU1MTY1OSwiaWF0IjoxNzIxNDY1MjU5LCJqdGkiOiJkMDQ1MGY1NzM5NDc0ZTk4YWMzZDA4YTk0NTI2Yjk1MCIsInVzZXJfaWQiOjF9.uOc5gH7-N5-rR8TOo9z3cA-jLdzl1qzUHKPuL0tQjtA','2024-07-20 08:47:39.511181','2024-07-21 08:47:39.000000',1,'d0450f5739474e98ac3d08a94526b950'),
(312,'eyJhbGciOiJIUzI1NiIsInR5cCI6IkpXVCJ9.eyJ0b2tlbl90eXBlIjoicmVmcmVzaCIsImV4cCI6MTcyMTU1MTY2NiwiaWF0IjoxNzIxNDY1MjY2LCJqdGkiOiIyOGFiMWM1MGRmYWM0NjY5OTcxYWVlNjU5OGY2NzhmMyIsInVzZXJfaWQiOjF9.ZTXibS7sqeEyzygfr-LYKB2xGDMM4YSTmmj8pViPMac','2024-07-20 08:47:46.775302','2024-07-21 08:47:46.000000',1,'28ab1c50dfac4669971aee6598f678f3'),
(313,'eyJhbGciOiJIUzI1NiIsInR5cCI6IkpXVCJ9.eyJ0b2tlbl90eXBlIjoicmVmcmVzaCIsImV4cCI6MTcyMTU1MTY4NywiaWF0IjoxNzIxNDY1Mjg3LCJqdGkiOiJlOWUzOTk2N2I0NWI0NjIzYmMwOTNlOWE1ZWQxOTZkNSIsInVzZXJfaWQiOjF9.19zL4_76bZz0pSgG_HSIAdObhLG0BfNYPp6BpBeE2aw','2024-07-20 08:48:07.656336','2024-07-21 08:48:07.000000',1,'e9e39967b45b4623bc093e9a5ed196d5'),
(314,'eyJhbGciOiJIUzI1NiIsInR5cCI6IkpXVCJ9.eyJ0b2tlbl90eXBlIjoicmVmcmVzaCIsImV4cCI6MTcyMTU1MTY5NSwiaWF0IjoxNzIxNDY1Mjk1LCJqdGkiOiJhM2MwNzBhNTgxMGY0MWE2YWZhYmY5MjBlNzZlOWYzNyIsInVzZXJfaWQiOjF9.9NSELHeHsqVoSzM0VNo9mCIZKV_bjbcXJDD2fKaqJT0','2024-07-20 08:48:15.297687','2024-07-21 08:48:15.000000',1,'a3c070a5810f41a6afabf920e76e9f37'),
(315,'eyJhbGciOiJIUzI1NiIsInR5cCI6IkpXVCJ9.eyJ0b2tlbl90eXBlIjoicmVmcmVzaCIsImV4cCI6MTcyMTU1MTcxMCwiaWF0IjoxNzIxNDY1MzEwLCJqdGkiOiJhNGY4NmQ1YmFkOWU0MWNiODgxMjNkMjY5MjBmOWQ5MCIsInVzZXJfaWQiOjF9.o1OoZNovbPzIYnb8Sd2zDoYscrC-POAseNPqpCgQOY8','2024-07-20 08:48:30.950019','2024-07-21 08:48:30.000000',1,'a4f86d5bad9e41cb88123d26920f9d90'),
(316,'eyJhbGciOiJIUzI1NiIsInR5cCI6IkpXVCJ9.eyJ0b2tlbl90eXBlIjoicmVmcmVzaCIsImV4cCI6MTcyMTU3OTE3NiwiaWF0IjoxNzIxNDkyNzc2LCJqdGkiOiJhYThlNzA3NTBkZTM0MDk1YWM2NjM5ODQxMWZlNGQ5OCIsInVzZXJfaWQiOjF9.45HxTSgTwTA9FsSmHVj7geIri5R72nV-_srvIg0XfLY','2024-07-20 16:26:16.734779','2024-07-21 16:26:16.000000',1,'aa8e70750de34095ac66398411fe4d98'),
(317,'eyJhbGciOiJIUzI1NiIsInR5cCI6IkpXVCJ9.eyJ0b2tlbl90eXBlIjoicmVmcmVzaCIsImV4cCI6MTcyMTU3OTE4NSwiaWF0IjoxNzIxNDkyNzg1LCJqdGkiOiJkY2M5ZDY0ZTJjZDM0Y2VlOGQ2Zjg4NjQ4NTUxMmEzMyIsInVzZXJfaWQiOjF9.QLzJFrc_K_p9p18lP5f7udw7InAXo2x1owlEBQYb7BQ','2024-07-20 16:26:25.750188','2024-07-21 16:26:25.000000',1,'dcc9d64e2cd34cee8d6f886485512a33'),
(318,'eyJhbGciOiJIUzI1NiIsInR5cCI6IkpXVCJ9.eyJ0b2tlbl90eXBlIjoicmVmcmVzaCIsImV4cCI6MTcyMTYwMzkxNywiaWF0IjoxNzIxNTE3NTE3LCJqdGkiOiIxNjYyNWM0NWM4NTc0MTJiODBkNzc1NzM3OGFkYjE0OSIsInVzZXJfaWQiOjF9.x4D8qhVu5h0W-75kZdPS-nv9ZGoswHK9PkKEYosmSeY','2024-07-20 23:18:37.515752','2024-07-21 23:18:37.000000',1,'16625c45c857412b80d7757378adb149'),
(319,'eyJhbGciOiJIUzI1NiIsInR5cCI6IkpXVCJ9.eyJ0b2tlbl90eXBlIjoicmVmcmVzaCIsImV4cCI6MTcyMTYwMzkyOSwiaWF0IjoxNzIxNTE3NTI5LCJqdGkiOiI4MmZmNTMxNjE3YTc0M2YwODI0M2ZkNGU5NDdkZjU0NSIsInVzZXJfaWQiOjF9.blIWaDo7WwdJmKaK4ULMNK0UHU6Ow9eKpYl-a6Dfc6I','2024-07-20 23:18:49.047413','2024-07-21 23:18:49.000000',1,'82ff531617a743f08243fd4e947df545'),
(320,'eyJhbGciOiJIUzI1NiIsInR5cCI6IkpXVCJ9.eyJ0b2tlbl90eXBlIjoicmVmcmVzaCIsImV4cCI6MTcyMTczNjM3NCwiaWF0IjoxNzIxNjQ5OTc0LCJqdGkiOiI5NTlmYjAzZTAzNmQ0YTRlYWVkMTgwYzQ4NWQxNjUyZiIsInVzZXJfaWQiOjF9.aQiiTgUjbmgHQLC1rXIwokeVfPOm0YZVe7HXn7A-D24','2024-07-22 12:06:14.273769','2024-07-23 12:06:14.000000',1,'959fb03e036d4a4eaed180c485d1652f'),
(321,'eyJhbGciOiJIUzI1NiIsInR5cCI6IkpXVCJ9.eyJ0b2tlbl90eXBlIjoicmVmcmVzaCIsImV4cCI6MTcyMTczNjM4NCwiaWF0IjoxNzIxNjQ5OTg0LCJqdGkiOiI2YWVhNWZlYjViZTI0ODgzODNkZTgyZmZjODAyOTg1ZSIsInVzZXJfaWQiOjF9.HZ4OEBHT3O2QIoYJFFH5bCWqpP5eKM2sgZ3w3VmxZow','2024-07-22 12:06:24.763922','2024-07-23 12:06:24.000000',1,'6aea5feb5be2488383de82ffc802985e'),
(322,'eyJhbGciOiJIUzI1NiIsInR5cCI6IkpXVCJ9.eyJ0b2tlbl90eXBlIjoicmVmcmVzaCIsImV4cCI6MTcyMTczNjQ5NSwiaWF0IjoxNzIxNjUwMDk1LCJqdGkiOiJhOGE3Y2Q0M2EzMzM0MzhlOTU5ZDdkNGFkMTk4ODE4YyIsInVzZXJfaWQiOjF9.S9_3Xzx29eYAnfvBjzX4mprrbqMa8HCqqBl5G9CrzKo','2024-07-22 12:08:15.154865','2024-07-23 12:08:15.000000',1,'a8a7cd43a333438e959d7d4ad198818c'),
(323,'eyJhbGciOiJIUzI1NiIsInR5cCI6IkpXVCJ9.eyJ0b2tlbl90eXBlIjoicmVmcmVzaCIsImV4cCI6MTcyMTczNjUwNCwiaWF0IjoxNzIxNjUwMTA0LCJqdGkiOiJlNzk5NzViZjk3OTU0Nzc4YTJkMzIyMzkyMDA2MzZkMiIsInVzZXJfaWQiOjF9.4S1rCRNwfhHZmXxXETc80KopMYkWwzN7PvQldWqDk9c','2024-07-22 12:08:24.570085','2024-07-23 12:08:24.000000',1,'e79975bf97954778a2d32239200636d2'),
(324,'eyJhbGciOiJIUzI1NiIsInR5cCI6IkpXVCJ9.eyJ0b2tlbl90eXBlIjoicmVmcmVzaCIsImV4cCI6MTcyMTczNzA2MCwiaWF0IjoxNzIxNjUwNjYwLCJqdGkiOiI3MWVhMDgwNzhkMGM0NmQ1ODViYTM4MDZjOTcyODZiMSIsInVzZXJfaWQiOjF9.qtkMlBl5cQ5OYDRS7IujyiTRi5UCJ039ElDDEzJDvig','2024-07-22 12:17:40.799714','2024-07-23 12:17:40.000000',1,'71ea08078d0c46d585ba3806c97286b1'),
(325,'eyJhbGciOiJIUzI1NiIsInR5cCI6IkpXVCJ9.eyJ0b2tlbl90eXBlIjoicmVmcmVzaCIsImV4cCI6MTcyMTczNzA2OSwiaWF0IjoxNzIxNjUwNjY5LCJqdGkiOiJhNGM1MTM5ZjhlZmQ0YTIyOWZmY2VmZGJlZWFlNTRhYyIsInVzZXJfaWQiOjF9.pzsRQ2z2Z5BWzyNaZWCjALm4u3t7IGseb9va-0EcErE','2024-07-22 12:17:49.576244','2024-07-23 12:17:49.000000',1,'a4c5139f8efd4a229ffcefdbeeae54ac'),
(326,'eyJhbGciOiJIUzI1NiIsInR5cCI6IkpXVCJ9.eyJ0b2tlbl90eXBlIjoicmVmcmVzaCIsImV4cCI6MTcyMTgzMDYzNiwiaWF0IjoxNzIxNzQ0MjM2LCJqdGkiOiI0ZDkzMmIxY2JjZmU0Y2VkOTljNzQzNTk5OTFhN2UxMSIsInVzZXJfaWQiOjF9.4mfdW57V1_AbXBARiKE5ERq3-6f1vfow5TFieKENTOA','2024-07-23 14:17:16.706152','2024-07-24 14:17:16.000000',1,'4d932b1cbcfe4ced99c74359991a7e11'),
(327,'eyJhbGciOiJIUzI1NiIsInR5cCI6IkpXVCJ9.eyJ0b2tlbl90eXBlIjoicmVmcmVzaCIsImV4cCI6MTcyMTg0ODY3MywiaWF0IjoxNzIxNzYyMjczLCJqdGkiOiJjMDdjYjM3ZjQ0MGM0OWU5OTI5NGQxZTczNjY2N2FkOCIsInVzZXJfaWQiOjF9.QZNG7CVH98km6g1nFESguhIDTmqgkFLwR1-HGAfcC4k','2024-07-23 19:17:53.252205','2024-07-24 19:17:53.000000',1,'c07cb37f440c49e99294d1e736667ad8'),
(328,'eyJhbGciOiJIUzI1NiIsInR5cCI6IkpXVCJ9.eyJ0b2tlbl90eXBlIjoicmVmcmVzaCIsImV4cCI6MTcyMTg0ODY4MiwiaWF0IjoxNzIxNzYyMjgyLCJqdGkiOiJkMDZlMTFmOWExMGU0MjVkYTY2NjFhNzE0ZjEwYmMxMCIsInVzZXJfaWQiOjF9.G3i1HosF4C-WVvowFpDMMqg6jjgrKdT5sGqizRCwDcQ','2024-07-23 19:18:02.669846','2024-07-24 19:18:02.000000',1,'d06e11f9a10e425da6661a714f10bc10'),
(329,'eyJhbGciOiJIUzI1NiIsInR5cCI6IkpXVCJ9.eyJ0b2tlbl90eXBlIjoicmVmcmVzaCIsImV4cCI6MTcyMTg0OTYxNiwiaWF0IjoxNzIxNzYzMjE2LCJqdGkiOiJiYmEyMjQwZmUxNmI0ZGYzOGZlMWVkYmQ3Mjc4NGUzZiIsInVzZXJfaWQiOjF9.rbViMQqFGAp5KZd70UusUtnIbW9ot97-QdOhzuG23Pc','2024-07-23 19:33:36.165025','2024-07-24 19:33:36.000000',1,'bba2240fe16b4df38fe1edbd72784e3f'),
(330,'eyJhbGciOiJIUzI1NiIsInR5cCI6IkpXVCJ9.eyJ0b2tlbl90eXBlIjoicmVmcmVzaCIsImV4cCI6MTcyMTg0OTYyNSwiaWF0IjoxNzIxNzYzMjI1LCJqdGkiOiJlMjkwOGNlZjE5M2E0NjkzYjJkMzc0ODdmNzQ0MDRiZSIsInVzZXJfaWQiOjF9.skMvemT139xSG8zu2YNIHi1vOOr3WQ-8gAQIg7FT6As','2024-07-23 19:33:45.991059','2024-07-24 19:33:45.000000',1,'e2908cef193a4693b2d37487f74404be'),
(331,'eyJhbGciOiJIUzI1NiIsInR5cCI6IkpXVCJ9.eyJ0b2tlbl90eXBlIjoicmVmcmVzaCIsImV4cCI6MTcyMTkwOTAxMCwiaWF0IjoxNzIxODIyNjEwLCJqdGkiOiI2YjkxNjNkNzgwY2E0ZDZhYTY0NGNjZGYxZjE5OGU2MiIsInVzZXJfaWQiOjF9.gtfcqR-DmtpW5Kd2Y8AvNpzFWaJM9hxoAfvT0t7okKk','2024-07-24 12:03:30.712938','2024-07-25 12:03:30.000000',1,'6b9163d780ca4d6aa644ccdf1f198e62'),
(332,'eyJhbGciOiJIUzI1NiIsInR5cCI6IkpXVCJ9.eyJ0b2tlbl90eXBlIjoicmVmcmVzaCIsImV4cCI6MTcyMTkwOTAyNywiaWF0IjoxNzIxODIyNjI3LCJqdGkiOiJlNzI5OTFmZWU0MTI0ODI4YjBkM2M5ZjkyNTdhMjEzNyIsInVzZXJfaWQiOjF9.A5ogcr83Xj7NCdwIWrXaZPKg6-kdmuhnhDluQkO9va8','2024-07-24 12:03:47.490205','2024-07-25 12:03:47.000000',1,'e72991fee4124828b0d3c9f9257a2137'),
(333,'eyJhbGciOiJIUzI1NiIsInR5cCI6IkpXVCJ9.eyJ0b2tlbl90eXBlIjoicmVmcmVzaCIsImV4cCI6MTcyMjcwODYxOSwiaWF0IjoxNzIyNjIyMjE5LCJqdGkiOiIzZmI5ZDA5NzFlNTE0ODY4ODVjZjMzZjk1ZWYwNGIzZCIsInVzZXJfaWQiOjF9.tuvyOzLy8c1LVhpbrihJTTJ01-J4VP32pHCLf8JAFNA','2024-08-02 18:10:19.103047','2024-08-03 18:10:19.000000',1,'3fb9d0971e51486885cf33f95ef04b3d'),
(334,'eyJhbGciOiJIUzI1NiIsInR5cCI6IkpXVCJ9.eyJ0b2tlbl90eXBlIjoicmVmcmVzaCIsImV4cCI6MTcyMjcwODYzOSwiaWF0IjoxNzIyNjIyMjM5LCJqdGkiOiIzZjVlOGM2OTI4ZTk0N2E1YWVlNDI0NTU2OTdiOWE1MiIsInVzZXJfaWQiOjF9.S0ry0FfwuefCOOATD1RTqNAH_D7iGEbcjuBqyRlDW6E','2024-08-02 18:10:39.979006','2024-08-03 18:10:39.000000',1,'3f5e8c6928e947a5aee42455697b9a52'),
(335,'eyJhbGciOiJIUzI1NiIsInR5cCI6IkpXVCJ9.eyJ0b2tlbl90eXBlIjoicmVmcmVzaCIsImV4cCI6MTcyMjcyNjE0MywiaWF0IjoxNzIyNjM5NzQzLCJqdGkiOiIwNTU1MTRjMGUxNTM0MWI1OWMzNmZkNzlhMGQzNWU4NSIsInVzZXJfaWQiOjF9.H1Sp3-AGJaG38MMbuUaSbieTsne5sJdJ-l2pmKPYszM','2024-08-02 23:02:23.839486','2024-08-03 23:02:23.000000',1,'055514c0e15341b59c36fd79a0d35e85'),
(336,'eyJhbGciOiJIUzI1NiIsInR5cCI6IkpXVCJ9.eyJ0b2tlbl90eXBlIjoicmVmcmVzaCIsImV4cCI6MTcyMjcyNjE1NSwiaWF0IjoxNzIyNjM5NzU1LCJqdGkiOiI4NTJjN2ZkM2E4Yjc0NGRmOGY2MjBlMWJiMmFhOTBlOSIsInVzZXJfaWQiOjF9.9ZQO9Hy5MLFPuFAhSCcxROUlke0a4KV2E-GvaNW-Sdk','2024-08-02 23:02:35.061709','2024-08-03 23:02:35.000000',1,'852c7fd3a8b744df8f620e1bb2aa90e9'),
(337,'eyJhbGciOiJIUzI1NiIsInR5cCI6IkpXVCJ9.eyJ0b2tlbl90eXBlIjoicmVmcmVzaCIsImV4cCI6MTcyMzA3MzI5NSwiaWF0IjoxNzIyOTg2ODk1LCJqdGkiOiI5YmNkZWQ2N2NkMGQ0MmNjOWQzYTZiMDlkZTEyYzBjNSIsInVzZXJfaWQiOjF9.XBafeuLOS6S7FqINAo76U391ARurUzuCI9B-3lJXMVs','2024-08-06 23:28:15.010027','2024-08-07 23:28:15.000000',1,'9bcded67cd0d42cc9d3a6b09de12c0c5'),
(338,'eyJhbGciOiJIUzI1NiIsInR5cCI6IkpXVCJ9.eyJ0b2tlbl90eXBlIjoicmVmcmVzaCIsImV4cCI6MTcyMzA3MzMxMSwiaWF0IjoxNzIyOTg2OTExLCJqdGkiOiIzYWQ4Nzc2MmM2MWU0OWI0YjNlNjUwZTExNjFiNjk3YyIsInVzZXJfaWQiOjF9.bFoiVBBTZIMcMlYYSVQqUvX1f37LCJE2DRMUsf3795Y','2024-08-06 23:28:31.481725','2024-08-07 23:28:31.000000',1,'3ad87762c61e49b4b3e650e1161b697c'),
(339,'eyJhbGciOiJIUzI1NiIsInR5cCI6IkpXVCJ9.eyJ0b2tlbl90eXBlIjoicmVmcmVzaCIsImV4cCI6MTcyMzA3MzMxOSwiaWF0IjoxNzIyOTg2OTE5LCJqdGkiOiI1YzVlOTczYzExNGE0M2YxOWJlMDJmMGI3OTJhMjcxZiIsInVzZXJfaWQiOjF9.7ocnDBNXuvwj3a4aOgOkG2t5pemQ8b9bpV6c1wKs58g','2024-08-06 23:28:39.984169','2024-08-07 23:28:39.000000',1,'5c5e973c114a43f19be02f0b792a271f'),
(340,'eyJhbGciOiJIUzI1NiIsInR5cCI6IkpXVCJ9.eyJ0b2tlbl90eXBlIjoicmVmcmVzaCIsImV4cCI6MTcyMzE1MzM0NCwiaWF0IjoxNzIzMDY2OTQ0LCJqdGkiOiI1MDYwN2I5NzBlMDc0ZjQwYjcxMjg4OGRmMzFkZWE0NCIsInVzZXJfaWQiOjF9.lsKg1E3UsmT-n4P1McQvEbDp7COEuDog7U-ABUq6gV4','2024-08-07 21:42:24.347800','2024-08-08 21:42:24.000000',1,'50607b970e074f40b712888df31dea44'),
(341,'eyJhbGciOiJIUzI1NiIsInR5cCI6IkpXVCJ9.eyJ0b2tlbl90eXBlIjoicmVmcmVzaCIsImV4cCI6MTcyMzE1MzM1MywiaWF0IjoxNzIzMDY2OTUzLCJqdGkiOiIxNjQ2M2YxZDg5NmQ0MjRjYmRmNTkyNTQ0MDhmMTJjYyIsInVzZXJfaWQiOjF9.LC1msDWlf_uIQqm8-CM3OrYi-YZ9EZH7r40BzttmQf4','2024-08-07 21:42:33.511528','2024-08-08 21:42:33.000000',1,'16463f1d896d424cbdf59254408f12cc'),
(342,'eyJhbGciOiJIUzI1NiIsInR5cCI6IkpXVCJ9.eyJ0b2tlbl90eXBlIjoicmVmcmVzaCIsImV4cCI6MTcyMzE1MzM2MiwiaWF0IjoxNzIzMDY2OTYyLCJqdGkiOiJiODg4NTYzZTFjODY0OGZjYjQ2NmUwNzYxNzY4ZmUzMSIsInVzZXJfaWQiOjF9.Eu7736c6up_RYGz3d72njdgrfKLSIzBK-KvHyndy4cE','2024-08-07 21:42:42.992314','2024-08-08 21:42:42.000000',1,'b888563e1c8648fcb466e0761768fe31'),
(343,'eyJhbGciOiJIUzI1NiIsInR5cCI6IkpXVCJ9.eyJ0b2tlbl90eXBlIjoicmVmcmVzaCIsImV4cCI6MTcyMzE1MzQwNywiaWF0IjoxNzIzMDY3MDA3LCJqdGkiOiJiYmFkYjA5Y2VmNzU0M2Y3OTM3MThhZDhlMGM0ZDk0ZCIsInVzZXJfaWQiOjF9.EhsU7aSJq3wtsgK-N8M1jKoOBNCHDnmaU6_gPco0WbE','2024-08-07 21:43:27.124785','2024-08-08 21:43:27.000000',1,'bbadb09cef7543f793718ad8e0c4d94d'),
(344,'eyJhbGciOiJIUzI1NiIsInR5cCI6IkpXVCJ9.eyJ0b2tlbl90eXBlIjoicmVmcmVzaCIsImV4cCI6MTcyMzE1MzQ3MywiaWF0IjoxNzIzMDY3MDczLCJqdGkiOiI0MmU5NDNmZjc4Y2U0NmYwYjRmMmZmOGY1M2FiNjZiOSIsInVzZXJfaWQiOjF9.K21jbYB9kEx_RCoHtPFZyvn24aT_pKaXahqNCtgyIEA','2024-08-07 21:44:33.575431','2024-08-08 21:44:33.000000',1,'42e943ff78ce46f0b4f2ff8f53ab66b9'),
(345,'eyJhbGciOiJIUzI1NiIsInR5cCI6IkpXVCJ9.eyJ0b2tlbl90eXBlIjoicmVmcmVzaCIsImV4cCI6MTcyMzE1MzQ5MywiaWF0IjoxNzIzMDY3MDkzLCJqdGkiOiI4MTQxMzIzOWRlNTE0NDA0OTgxNmE1MWZkMGU4MzJkZCIsInVzZXJfaWQiOjF9.zulwfRlfNgw-aVpiP2eptrlpftkytzW6BYxqJUuBXyM','2024-08-07 21:44:53.309206','2024-08-08 21:44:53.000000',1,'81413239de5144049816a51fd0e832dd'),
(346,'eyJhbGciOiJIUzI1NiIsInR5cCI6IkpXVCJ9.eyJ0b2tlbl90eXBlIjoicmVmcmVzaCIsImV4cCI6MTcyMzE1MzYyNCwiaWF0IjoxNzIzMDY3MjI0LCJqdGkiOiIxNjQ4MTFjNmZhYjg0OWQxYmU1YWM0MTlkMjM0NzM2NyIsInVzZXJfaWQiOjF9.2u4dNzajXKTnlE4Bt64UH85KcAVs1SkXOpCN-44iIAU','2024-08-07 21:47:04.025662','2024-08-08 21:47:04.000000',1,'164811c6fab849d1be5ac419d2347367'),
(347,'eyJhbGciOiJIUzI1NiIsInR5cCI6IkpXVCJ9.eyJ0b2tlbl90eXBlIjoicmVmcmVzaCIsImV4cCI6MTcyMzE1MzYzMiwiaWF0IjoxNzIzMDY3MjMyLCJqdGkiOiJhMDFiZDgyMjkwZGQ0ZjhlOTNjMjNiNmIxYzYzYzhlYyIsInVzZXJfaWQiOjF9.aYxbawlb3o4xm4QUN59PUpOPTrGRQt6zOxM2ISIOUnk','2024-08-07 21:47:12.077959','2024-08-08 21:47:12.000000',1,'a01bd82290dd4f8e93c23b6b1c63c8ec'),
(348,'eyJhbGciOiJIUzI1NiIsInR5cCI6IkpXVCJ9.eyJ0b2tlbl90eXBlIjoicmVmcmVzaCIsImV4cCI6MTcyMzE1MzcyNywiaWF0IjoxNzIzMDY3MzI3LCJqdGkiOiI4YmZhODVjNTkwNTg0NzI2YjRjODI2MTRlNzI2ZTQxZSIsInVzZXJfaWQiOjF9.wd8OqJE6gZvMdpQEySIFLNnnTbH61SoB-1XxYgz_o7U','2024-08-07 21:48:47.759197','2024-08-08 21:48:47.000000',1,'8bfa85c590584726b4c82614e726e41e'),
(349,'eyJhbGciOiJIUzI1NiIsInR5cCI6IkpXVCJ9.eyJ0b2tlbl90eXBlIjoicmVmcmVzaCIsImV4cCI6MTcyMzE1Mzc0MCwiaWF0IjoxNzIzMDY3MzQwLCJqdGkiOiJkZTE4N2Y4ZWRjNzM0NTY4YmIwMGNiZDQ5YzcwZTMxNSIsInVzZXJfaWQiOjF9.q_-DW4SMll0LiAIyuvBvWtbuhzf583SV1Td5Eh2L6Tk','2024-08-07 21:49:00.894673','2024-08-08 21:49:00.000000',1,'de187f8edc734568bb00cbd49c70e315'),
(350,'eyJhbGciOiJIUzI1NiIsInR5cCI6IkpXVCJ9.eyJ0b2tlbl90eXBlIjoicmVmcmVzaCIsImV4cCI6MTcyMzE1Nzc2OCwiaWF0IjoxNzIzMDcxMzY4LCJqdGkiOiIxZTQwMzE4YmE2ZmM0NjQxOWUxMmQ5NjVhMjkyZTc5OCIsInVzZXJfaWQiOjF9.p3m53bbbh4EgG8lwUu5RvksGxPcr00a1KNyDctEbTEE','2024-08-07 22:56:08.258507','2024-08-08 22:56:08.000000',1,'1e40318ba6fc46419e12d965a292e798'),
(351,'eyJhbGciOiJIUzI1NiIsInR5cCI6IkpXVCJ9.eyJ0b2tlbl90eXBlIjoicmVmcmVzaCIsImV4cCI6MTcyMzE1Nzc4OCwiaWF0IjoxNzIzMDcxMzg4LCJqdGkiOiI4NmYwOTQyYjQyNTA0ZDgwOTM1MDQ1YjE3ZjY1NzJhMCIsInVzZXJfaWQiOjF9.2Bhd6DraoWR-89nubi94HB9N3NJvlC6SckgZBysA98o','2024-08-07 22:56:28.542057','2024-08-08 22:56:28.000000',1,'86f0942b42504d80935045b17f6572a0'),
(352,'eyJhbGciOiJIUzI1NiIsInR5cCI6IkpXVCJ9.eyJ0b2tlbl90eXBlIjoicmVmcmVzaCIsImV4cCI6MTcyMzE1NzgxMCwiaWF0IjoxNzIzMDcxNDEwLCJqdGkiOiJmNjU5YjE0ZGZlODg0NjYyYTgwMDBlOTczNDRjOWZiNCIsInVzZXJfaWQiOjF9.Vw3YWeUwWqFGzSUf6IxovIeELP0JxL7IgwMc31nDiKw','2024-08-07 22:56:50.953521','2024-08-08 22:56:50.000000',1,'f659b14dfe884662a8000e97344c9fb4'),
(353,'eyJhbGciOiJIUzI1NiIsInR5cCI6IkpXVCJ9.eyJ0b2tlbl90eXBlIjoicmVmcmVzaCIsImV4cCI6MTcyMzE1NzgxMSwiaWF0IjoxNzIzMDcxNDExLCJqdGkiOiI2NzEwZWE1MjY5ZWU0YTA0ODk0NjMyNjJmNzM0ZmQwYSIsInVzZXJfaWQiOjF9.VjyWeGAueZkXCk3LyZB-KJKbxXLFTmTLTNj-QAOcLMo','2024-08-07 22:56:51.833229','2024-08-08 22:56:51.000000',1,'6710ea5269ee4a0489463262f734fd0a'),
(354,'eyJhbGciOiJIUzI1NiIsInR5cCI6IkpXVCJ9.eyJ0b2tlbl90eXBlIjoicmVmcmVzaCIsImV4cCI6MTcyMzU5MzYxNywiaWF0IjoxNzIzNTA3MjE3LCJqdGkiOiJlYjUyNTQ3MmMzM2Y0MTFkYjg5NzIxMGY5YmRmOTg0YiIsInVzZXJfaWQiOjF9.qzylPlLrHpUJim4wIfctvOvSYeB8LlQcC3qxiX6Rfj0','2024-08-13 00:00:17.439012','2024-08-14 00:00:17.000000',1,'eb525472c33f411db897210f9bdf984b'),
(355,'eyJhbGciOiJIUzI1NiIsInR5cCI6IkpXVCJ9.eyJ0b2tlbl90eXBlIjoicmVmcmVzaCIsImV4cCI6MTcyMzU5MzYzNCwiaWF0IjoxNzIzNTA3MjM0LCJqdGkiOiI1YTkyYjJmMDY0ZDY0ZjE0YjY4MmZjYjI1YTNkMTYyNyIsInVzZXJfaWQiOjF9.0ny2KUQcwY3oRVJ7-7F-_yHIiTuY9BKMjrA2uHkW1Y0','2024-08-13 00:00:34.105795','2024-08-14 00:00:34.000000',1,'5a92b2f064d64f14b682fcb25a3d1627'),
(356,'eyJhbGciOiJIUzI1NiIsInR5cCI6IkpXVCJ9.eyJ0b2tlbl90eXBlIjoicmVmcmVzaCIsImV4cCI6MTcyMzU5MzY0NywiaWF0IjoxNzIzNTA3MjQ3LCJqdGkiOiI1ZDk4Yzg4ODZiMzc0ODEzOWY2MWU4ZTc3ZDgzNGNmOSIsInVzZXJfaWQiOjF9.k8vdsAQGi7ypDvQldK0Oo2dhVh40YIA-hf2kE9QVF-8','2024-08-13 00:00:47.360514','2024-08-14 00:00:47.000000',1,'5d98c8886b3748139f61e8e77d834cf9'),
(357,'eyJhbGciOiJIUzI1NiIsInR5cCI6IkpXVCJ9.eyJ0b2tlbl90eXBlIjoicmVmcmVzaCIsImV4cCI6MTcyMzY2NTM4OSwiaWF0IjoxNzIzNTc4OTg5LCJqdGkiOiIwZDZlNjg3Zjg5NTA0MmJmODcwZDY0ZjgzZWMxNWM3ZSIsInVzZXJfaWQiOjF9.eUbv2jwfv5LvwlX_DF6sV_iO_sZv2mvoEPZqbpajmiA','2024-08-13 19:56:29.056416','2024-08-14 19:56:29.000000',1,'0d6e687f895042bf870d64f83ec15c7e'),
(358,'eyJhbGciOiJIUzI1NiIsInR5cCI6IkpXVCJ9.eyJ0b2tlbl90eXBlIjoicmVmcmVzaCIsImV4cCI6MTcyMzY2NTQwMCwiaWF0IjoxNzIzNTc5MDAwLCJqdGkiOiIwOTY4OTYwMjg2MTk0MmEzYTNhYjc2YmJkM2Q2NTBjOCIsInVzZXJfaWQiOjF9.w42zXJEvaTruQjzeUJ8pt3iaQ8cnydFHjXufO5UFfqk','2024-08-13 19:56:40.255272','2024-08-14 19:56:40.000000',1,'09689602861942a3a3ab76bbd3d650c8'),
(359,'eyJhbGciOiJIUzI1NiIsInR5cCI6IkpXVCJ9.eyJ0b2tlbl90eXBlIjoicmVmcmVzaCIsImV4cCI6MTcyNDI0MDE1NiwiaWF0IjoxNzI0MTUzNzU2LCJqdGkiOiI5NWRmOWFhYTNjYWE0NGRkYWVmYjdjYjdjOGZhYjcwOSIsInVzZXJfaWQiOjF9.6hogL7rxcM65Bi-wK4Gn6NyJE6mX1s85cIoiOjjU-nw','2024-08-20 11:35:56.197579','2024-08-21 11:35:56.000000',1,'95df9aaa3caa44ddaefb7cb7c8fab709'),
(360,'eyJhbGciOiJIUzI1NiIsInR5cCI6IkpXVCJ9.eyJ0b2tlbl90eXBlIjoicmVmcmVzaCIsImV4cCI6MTcyNDI0MjUxOCwiaWF0IjoxNzI0MTU2MTE4LCJqdGkiOiI2ODNkZWYzNThlODM0ZjhhYTAwY2Q3YzQxZmJkNGYzMCIsInVzZXJfaWQiOjF9.lIO0r4hHJ5h0MIhLtDgJ2OzV-NZrNa3NTF96cA_5jhA','2024-08-20 12:15:18.474170','2024-08-21 12:15:18.000000',1,'683def358e834f8aa00cd7c41fbd4f30'),
(361,'eyJhbGciOiJIUzI1NiIsInR5cCI6IkpXVCJ9.eyJ0b2tlbl90eXBlIjoicmVmcmVzaCIsImV4cCI6MTcyNDI0MjU2NywiaWF0IjoxNzI0MTU2MTY3LCJqdGkiOiI4YjMyNGVhYTI2OGQ0MTAxOTA5ZjBmZGQ0NDMzMmVhYSIsInVzZXJfaWQiOjF9.1PlMXePPdgEV0ceBMCHKhE53UhOWrdE98TB-SpJWPp8','2024-08-20 12:16:07.227244','2024-08-21 12:16:07.000000',1,'8b324eaa268d4101909f0fdd44332eaa'),
(362,'eyJhbGciOiJIUzI1NiIsInR5cCI6IkpXVCJ9.eyJ0b2tlbl90eXBlIjoicmVmcmVzaCIsImV4cCI6MTcyNDI0MjU4OSwiaWF0IjoxNzI0MTU2MTg5LCJqdGkiOiI1NTM1YjU3ODkzMzA0YzRlYmQzMjIxNTI2OTZjNjYyNSIsInVzZXJfaWQiOjF9.AKiUhXJNgLWrWe4GDRtLg1BSR7pjUvoyzHbJuLCPsQY','2024-08-20 12:16:29.756254','2024-08-21 12:16:29.000000',1,'5535b57893304c4ebd322152696c6625'),
(363,'eyJhbGciOiJIUzI1NiIsInR5cCI6IkpXVCJ9.eyJ0b2tlbl90eXBlIjoicmVmcmVzaCIsImV4cCI6MTcyNDI0MjY2MSwiaWF0IjoxNzI0MTU2MjYxLCJqdGkiOiIzYzU3NTQyMDU3Mjk0MzcyYWUyNDA0YzdlNDg0ZGI0NyIsInVzZXJfaWQiOjF9.7opdlOgntxG9AGiqL6M9_SKW02CtJ3xYa4tGTcLlmzw','2024-08-20 12:17:41.714872','2024-08-21 12:17:41.000000',1,'3c57542057294372ae2404c7e484db47'),
(364,'eyJhbGciOiJIUzI1NiIsInR5cCI6IkpXVCJ9.eyJ0b2tlbl90eXBlIjoicmVmcmVzaCIsImV4cCI6MTcyNDI0MjY3MywiaWF0IjoxNzI0MTU2MjczLCJqdGkiOiJmNmFiYmE2ZThkNDc0Njk3YjFlNTMwNTFmYjg3ZDFmMCIsInVzZXJfaWQiOjF9.EkGqf4F7zLGIxA3Rea0PsAKpk3QKE5pLAJzNlMPp40I','2024-08-20 12:17:53.537205','2024-08-21 12:17:53.000000',1,'f6abba6e8d474697b1e53051fb87d1f0'),
(365,'eyJhbGciOiJIUzI1NiIsInR5cCI6IkpXVCJ9.eyJ0b2tlbl90eXBlIjoicmVmcmVzaCIsImV4cCI6MTcyNDI0MjY4MCwiaWF0IjoxNzI0MTU2MjgwLCJqdGkiOiJiYTg0YzNhOTFhZmY0YTVmOWE0ODRjNWVlOWVlYzcxOSIsInVzZXJfaWQiOjF9.CAPszWczPCDcBLg5uVbVgun6C6tDzSH5d_zSR5M0xCE','2024-08-20 12:18:00.684230','2024-08-21 12:18:00.000000',1,'ba84c3a91aff4a5f9a484c5ee9eec719'),
(366,'eyJhbGciOiJIUzI1NiIsInR5cCI6IkpXVCJ9.eyJ0b2tlbl90eXBlIjoicmVmcmVzaCIsImV4cCI6MTcyNDI0MjY4MiwiaWF0IjoxNzI0MTU2MjgyLCJqdGkiOiI1ZTRjNjJjNDYwMTQ0ZWIxYjVkNjczMjBhM2FmZWM1OCIsInVzZXJfaWQiOjF9.9UI_0wmWHPEttkn0EHhncI9rcXBRe84PL5MYJ4x7gao','2024-08-20 12:18:02.746084','2024-08-21 12:18:02.000000',1,'5e4c62c460144eb1b5d67320a3afec58'),
(367,'eyJhbGciOiJIUzI1NiIsInR5cCI6IkpXVCJ9.eyJ0b2tlbl90eXBlIjoicmVmcmVzaCIsImV4cCI6MTcyNDI0MjY4NCwiaWF0IjoxNzI0MTU2Mjg0LCJqdGkiOiJlYmQzMGFlYmMxZjQ0MDRjOWJjNmI4N2Q4ODNkOTI2NyIsInVzZXJfaWQiOjF9.OOaQk39JuZaqpDoPYVeOl-4FDoZZnZvWvmpEQJiezMI','2024-08-20 12:18:04.294203','2024-08-21 12:18:04.000000',1,'ebd30aebc1f4404c9bc6b87d883d9267'),
(368,'eyJhbGciOiJIUzI1NiIsInR5cCI6IkpXVCJ9.eyJ0b2tlbl90eXBlIjoicmVmcmVzaCIsImV4cCI6MTcyNDI0MjY4NSwiaWF0IjoxNzI0MTU2Mjg1LCJqdGkiOiJlYjA5YjUyNzM3NTg0MDk2OGM0Yjk1NGJjMTg4MWUzMiIsInVzZXJfaWQiOjF9.vAHseo-UdC2bIXksWZ40Y07q6Dybkj931qkAPTv-f3M','2024-08-20 12:18:05.732909','2024-08-21 12:18:05.000000',1,'eb09b527375840968c4b954bc1881e32'),
(369,'eyJhbGciOiJIUzI1NiIsInR5cCI6IkpXVCJ9.eyJ0b2tlbl90eXBlIjoicmVmcmVzaCIsImV4cCI6MTcyNDI0MjY4NywiaWF0IjoxNzI0MTU2Mjg3LCJqdGkiOiI0NTM2OTExY2ExZWM0MDdmODVjNjQ1YWRlZTViZTg2OCIsInVzZXJfaWQiOjF9.RrNj-J0rK2kyGd6WMBPuYgGi59J7S2k8XSK-4fsGxmI','2024-08-20 12:18:07.260889','2024-08-21 12:18:07.000000',1,'4536911ca1ec407f85c645adee5be868'),
(370,'eyJhbGciOiJIUzI1NiIsInR5cCI6IkpXVCJ9.eyJ0b2tlbl90eXBlIjoicmVmcmVzaCIsImV4cCI6MTcyNDI0MjY5NywiaWF0IjoxNzI0MTU2Mjk3LCJqdGkiOiJiNzQ0MzUyMTc4MTk0NjYzYjYzYjQzZTdjMzY3YWI1ZCIsInVzZXJfaWQiOjF9.3bduApC66V2TPCrG8JBKDhKdX9YZTkdGit9GQhDiJn8','2024-08-20 12:18:17.193470','2024-08-21 12:18:17.000000',1,'b744352178194663b63b43e7c367ab5d'),
(371,'eyJhbGciOiJIUzI1NiIsInR5cCI6IkpXVCJ9.eyJ0b2tlbl90eXBlIjoicmVmcmVzaCIsImV4cCI6MTcyNDI0MjcxMSwiaWF0IjoxNzI0MTU2MzExLCJqdGkiOiI4OWEwZjQzY2RkODM0NmVjYTAyNjYwMmQ1MzE2MzQyYyIsInVzZXJfaWQiOjF9.oEJhqwVCGYsxIqHxNt7V5rG94fUnGcrxblvFmbwdDZc','2024-08-20 12:18:31.395739','2024-08-21 12:18:31.000000',1,'89a0f43cdd8346eca026602d5316342c'),
(372,'eyJhbGciOiJIUzI1NiIsInR5cCI6IkpXVCJ9.eyJ0b2tlbl90eXBlIjoicmVmcmVzaCIsImV4cCI6MTcyNDI0MjcxNywiaWF0IjoxNzI0MTU2MzE3LCJqdGkiOiI2M2Q0ZTU2ZmVlYTI0ZGI5YjJiYWM2NGE0OGU4MmQ2NiIsInVzZXJfaWQiOjF9.ytHc2O7UOf3EZii-oO7sj62ECrYVI3_45-yazokL1zk','2024-08-20 12:18:37.711403','2024-08-21 12:18:37.000000',1,'63d4e56feea24db9b2bac64a48e82d66'),
(373,'eyJhbGciOiJIUzI1NiIsInR5cCI6IkpXVCJ9.eyJ0b2tlbl90eXBlIjoicmVmcmVzaCIsImV4cCI6MTcyNDI0NDQ0OSwiaWF0IjoxNzI0MTU4MDQ5LCJqdGkiOiIzZDg5YmUxZjFjZDc0ZmFlOTMxOWEwY2Y2YmE0M2IxMSIsInVzZXJfaWQiOjF9.Uspj0qhP997Mg6EP8qlFHV-rRShICQIBX-KMcfuIT_M','2024-08-20 12:47:29.993044','2024-08-21 12:47:29.000000',1,'3d89be1f1cd74fae9319a0cf6ba43b11'),
(374,'eyJhbGciOiJIUzI1NiIsInR5cCI6IkpXVCJ9.eyJ0b2tlbl90eXBlIjoicmVmcmVzaCIsImV4cCI6MTcyNDI0NDQ1OSwiaWF0IjoxNzI0MTU4MDU5LCJqdGkiOiIzZTExOWMxMjAzOGE0YmViOTM4OTQ4MDc5NjkwNDViNCIsInVzZXJfaWQiOjF9.5LW68bzICQpXuHsbbN50MyhBAmN1UkOj4rkPRUuCB1g','2024-08-20 12:47:39.788396','2024-08-21 12:47:39.000000',1,'3e119c12038a4beb93894807969045b4'),
(375,'eyJhbGciOiJIUzI1NiIsInR5cCI6IkpXVCJ9.eyJ0b2tlbl90eXBlIjoicmVmcmVzaCIsImV4cCI6MTcyNDI4Nzc0NiwiaWF0IjoxNzI0MjAxMzQ2LCJqdGkiOiIxMjBlNDI4MWY2MTg0NDk4OGYzMTM2ZWIzYTBlNTYxMSIsInVzZXJfaWQiOjF9.r4D1L0BOWcLrHVjSiaoPFt4AupurmhTURcQUdl4d_tM','2024-08-21 00:49:06.659494','2024-08-22 00:49:06.000000',1,'120e4281f61844988f3136eb3a0e5611'),
(376,'eyJhbGciOiJIUzI1NiIsInR5cCI6IkpXVCJ9.eyJ0b2tlbl90eXBlIjoicmVmcmVzaCIsImV4cCI6MTcyNDI4Nzc2NywiaWF0IjoxNzI0MjAxMzY3LCJqdGkiOiI0NTE5OTRlMDY1MDg0NTkyYjhjMjA4M2FhOTc4MzI2NCIsInVzZXJfaWQiOjF9.vafvomzTKnaACru0r6PnlIM3NJs_x5q1itJ6bRrkcYI','2024-08-21 00:49:27.989668','2024-08-22 00:49:27.000000',1,'451994e065084592b8c2083aa9783264'),
(377,'eyJhbGciOiJIUzI1NiIsInR5cCI6IkpXVCJ9.eyJ0b2tlbl90eXBlIjoicmVmcmVzaCIsImV4cCI6MTcyNDI4Nzc3NSwiaWF0IjoxNzI0MjAxMzc1LCJqdGkiOiI0ODA0NWM5ZmU1Njg0YjVmOGNiNjU2ZWJhZDcyZGJjYyIsInVzZXJfaWQiOjF9.Ez3PQxDFJ8PJFI2MTll2WFGu9-mxvgjK9YnMQ9K5daE','2024-08-21 00:49:35.014412','2024-08-22 00:49:35.000000',1,'48045c9fe5684b5f8cb656ebad72dbcc');
/*!40000 ALTER TABLE `token_blacklist_outstandingtoken` ENABLE KEYS */;
UNLOCK TABLES;

--
-- Dumping events for database 'api_wordcloud'
--

--
-- Dumping routines for database 'api_wordcloud'
--
/*!40103 SET TIME_ZONE=@OLD_TIME_ZONE */;

/*!40101 SET SQL_MODE=@OLD_SQL_MODE */;
/*!40014 SET FOREIGN_KEY_CHECKS=@OLD_FOREIGN_KEY_CHECKS */;
/*!40014 SET UNIQUE_CHECKS=@OLD_UNIQUE_CHECKS */;
/*!40101 SET CHARACTER_SET_CLIENT=@OLD_CHARACTER_SET_CLIENT */;
/*!40101 SET CHARACTER_SET_RESULTS=@OLD_CHARACTER_SET_RESULTS */;
/*!40101 SET COLLATION_CONNECTION=@OLD_COLLATION_CONNECTION */;
/*!40111 SET SQL_NOTES=@OLD_SQL_NOTES */;

-- Dump completed on 2024-11-17 19:08:05
